2026-03-11 08:47:40 [INFO    ] IVS.relay.Main – Relay process started  PID=19360
2026-03-11 08:47:40 [INFO    ] IVS.relay.Main – Using relay simulator
2026-03-11 08:47:40 [ERROR   ] IVS.relay.Main – Resource limit: RAM 320 MB exceeds limit 300 MB
2026-03-11 08:47:40 [INFO    ] IVS.relay.Main – Relay process exiting
2026-03-11 08:47:49 [INFO    ] IVS.relay.Main – Relay process started  PID=26528
2026-03-11 08:47:49 [INFO    ] IVS.relay.Main – Using relay simulator
2026-03-11 08:47:49 [ERROR   ] IVS.relay.Main – Resource limit: RAM 319 MB exceeds limit 300 MB
2026-03-11 08:47:49 [INFO    ] IVS.relay.Main – Relay process exiting
2026-03-11 08:48:04 [INFO    ] IVS.relay.Main – Relay process started  PID=15684
2026-03-11 08:48:04 [INFO    ] IVS.relay.Main – Using relay simulator
2026-03-11 08:48:04 [ERROR   ] IVS.relay.Main – Resource limit: RAM 319 MB exceeds limit 300 MB
2026-03-11 08:48:04 [INFO    ] IVS.relay.Main – Relay process exiting
2026-03-11 08:48:37 [INFO    ] IVS.relay.Main – Relay process started  PID=20828
2026-03-11 08:48:37 [INFO    ] IVS.relay.Main – Using relay simulator
2026-03-11 08:48:37 [ERROR   ] IVS.relay.Main – Resource limit: RAM 319 MB exceeds limit 300 MB
2026-03-11 08:48:37 [INFO    ] IVS.relay.Main – Relay process exiting
2026-03-11 08:49:40 [INFO    ] IVS.relay.Main – Relay process started  PID=25560
2026-03-11 08:49:40 [INFO    ] IVS.relay.Main – Using relay simulator
2026-03-11 08:49:40 [ERROR   ] IVS.relay.Main – Resource limit: RAM 319 MB exceeds limit 300 MB
2026-03-11 08:49:40 [INFO    ] IVS.relay.Main – Relay process exiting
2026-03-11 08:51:44 [INFO    ] IVS.relay.Main – Relay process started  PID=20980
2026-03-11 08:51:44 [INFO    ] IVS.relay.Main – Using relay simulator
2026-03-11 08:51:44 [ERROR   ] IVS.relay.Main – Resource limit: RAM 320 MB exceeds limit 300 MB
2026-03-11 08:51:44 [INFO    ] IVS.relay.Main – Relay process exiting
2026-03-11 08:53:47 [INFO    ] IVS.relay.Main – Relay process started  PID=24360
2026-03-11 08:53:47 [INFO    ] IVS.relay.Main – Using relay simulator
2026-03-11 08:53:47 [ERROR   ] IVS.relay.Main – Resource limit: RAM 319 MB exceeds limit 300 MB
2026-03-11 08:53:47 [INFO    ] IVS.relay.Main – Relay process exiting
2026-03-11 08:55:51 [INFO    ] IVS.relay.Main – Relay process started  PID=2052
2026-03-11 08:55:51 [INFO    ] IVS.relay.Main – Using relay simulator
2026-03-11 08:55:51 [ERROR   ] IVS.relay.Main – Resource limit: RAM 319 MB exceeds limit 300 MB
2026-03-11 08:55:51 [INFO    ] IVS.relay.Main – Relay process exiting
2026-03-11 08:57:54 [INFO    ] IVS.relay.Main – Relay process started  PID=10628
2026-03-11 08:57:54 [INFO    ] IVS.relay.Main – Using relay simulator
2026-03-11 08:57:54 [ERROR   ] IVS.relay.Main – Resource limit: RAM 320 MB exceeds limit 300 MB
2026-03-11 08:57:54 [INFO    ] IVS.relay.Main – Relay process exiting
2026-03-11 09:06:10 [INFO    ] IVS.relay.Main – Relay process started  PID=10316
2026-03-11 09:06:10 [INFO    ] IVS.relay.Main – Using USB HID relay hardware
2026-03-11 09:06:10 [ERROR   ] IVS.relay.Main – Resource limit: RAM 320 MB exceeds limit 300 MB
2026-03-11 09:06:10 [INFO    ] IVS.relay.Main – Relay process exiting
2026-03-11 09:06:18 [INFO    ] IVS.relay.Main – Relay process started  PID=4912
2026-03-11 09:06:18 [INFO    ] IVS.relay.Main – Using USB HID relay hardware
2026-03-11 09:06:19 [ERROR   ] IVS.relay.Main – Resource limit: RAM 321 MB exceeds limit 300 MB
2026-03-11 09:06:19 [INFO    ] IVS.relay.Main – Relay process exiting
2026-03-11 09:07:12 [INFO    ] IVS.relay.Main – Relay process started  PID=25120
2026-03-11 09:07:12 [INFO    ] IVS.relay.Main – Using USB HID relay hardware
2026-03-11 09:07:12 [ERROR   ] IVS.relay.Main – Resource limit: RAM 320 MB exceeds limit 300 MB
2026-03-11 09:07:12 [INFO    ] IVS.relay.Main – Relay process exiting
2026-03-11 09:07:21 [INFO    ] IVS.relay.Main – Relay process started  PID=2248
2026-03-11 09:07:21 [INFO    ] IVS.relay.Main – Using USB HID relay hardware
2026-03-11 09:07:21 [ERROR   ] IVS.relay.Main – Resource limit: RAM 320 MB exceeds limit 300 MB
2026-03-11 09:07:21 [INFO    ] IVS.relay.Main – Relay process exiting
2026-03-11 09:07:36 [INFO    ] IVS.relay.Main – Relay process started  PID=8672
2026-03-11 09:07:36 [INFO    ] IVS.relay.Main – Using USB HID relay hardware
2026-03-11 09:07:36 [ERROR   ] IVS.relay.Main – Resource limit: RAM 321 MB exceeds limit 300 MB
2026-03-11 09:07:36 [INFO    ] IVS.relay.Main – Relay process exiting
2026-03-11 09:08:09 [INFO    ] IVS.relay.Main – Relay process started  PID=7092
2026-03-11 09:08:09 [INFO    ] IVS.relay.Main – Using USB HID relay hardware
2026-03-11 09:08:09 [ERROR   ] IVS.relay.Main – Resource limit: RAM 320 MB exceeds limit 300 MB
2026-03-11 09:08:09 [INFO    ] IVS.relay.Main – Relay process exiting
2026-03-11 09:09:12 [INFO    ] IVS.relay.Main – Relay process started  PID=18024
2026-03-11 09:09:12 [INFO    ] IVS.relay.Main – Using USB HID relay hardware
2026-03-11 09:09:12 [ERROR   ] IVS.relay.Main – Resource limit: RAM 320 MB exceeds limit 300 MB
2026-03-11 09:09:12 [INFO    ] IVS.relay.Main – Relay process exiting
2026-03-11 09:11:16 [INFO    ] IVS.relay.Main – Relay process started  PID=2512
2026-03-11 09:11:16 [INFO    ] IVS.relay.Main – Using USB HID relay hardware
2026-03-11 09:11:16 [ERROR   ] IVS.relay.Main – Resource limit: RAM 320 MB exceeds limit 300 MB
2026-03-11 09:11:16 [INFO    ] IVS.relay.Main – Relay process exiting
2026-03-11 09:13:19 [INFO    ] IVS.relay.Main – Relay process started  PID=25520
2026-03-11 09:13:19 [INFO    ] IVS.relay.Main – Using USB HID relay hardware
2026-03-11 09:13:19 [ERROR   ] IVS.relay.Main – Resource limit: RAM 320 MB exceeds limit 300 MB
2026-03-11 09:13:19 [INFO    ] IVS.relay.Main – Relay process exiting
2026-03-11 09:15:23 [INFO    ] IVS.relay.Main – Relay process started  PID=21916
2026-03-11 09:15:23 [INFO    ] IVS.relay.Main – Using USB HID relay hardware
2026-03-11 09:15:23 [ERROR   ] IVS.relay.Main – Resource limit: RAM 320 MB exceeds limit 300 MB
2026-03-11 09:15:23 [INFO    ] IVS.relay.Main – Relay process exiting
2026-03-11 09:17:26 [INFO    ] IVS.relay.Main – Relay process started  PID=6920
2026-03-11 09:17:26 [INFO    ] IVS.relay.Main – Using USB HID relay hardware
2026-03-11 09:17:26 [ERROR   ] IVS.relay.Main – Resource limit: RAM 320 MB exceeds limit 300 MB
2026-03-11 09:17:26 [INFO    ] IVS.relay.Main – Relay process exiting
2026-03-11 09:19:29 [INFO    ] IVS.relay.Main – Relay process started  PID=692
2026-03-11 09:19:29 [INFO    ] IVS.relay.Main – Using USB HID relay hardware
2026-03-11 09:19:29 [ERROR   ] IVS.relay.Main – Resource limit: RAM 321 MB exceeds limit 300 MB
2026-03-11 09:19:29 [INFO    ] IVS.relay.Main – Relay process exiting
2026-03-11 09:21:33 [INFO    ] IVS.relay.Main – Relay process started  PID=25316
2026-03-11 09:21:33 [INFO    ] IVS.relay.Main – Using USB HID relay hardware
2026-03-11 09:21:33 [ERROR   ] IVS.relay.Main – Resource limit: RAM 321 MB exceeds limit 300 MB
2026-03-11 09:21:33 [INFO    ] IVS.relay.Main – Relay process exiting
2026-03-11 09:23:36 [INFO    ] IVS.relay.Main – Relay process started  PID=26104
2026-03-11 09:23:36 [INFO    ] IVS.relay.Main – Using USB HID relay hardware
2026-03-11 09:23:36 [ERROR   ] IVS.relay.Main – Resource limit: RAM 320 MB exceeds limit 300 MB
2026-03-11 09:23:36 [INFO    ] IVS.relay.Main – Relay process exiting
2026-03-11 09:25:39 [INFO    ] IVS.relay.Main – Relay process started  PID=7260
2026-03-11 09:25:39 [INFO    ] IVS.relay.Main – Using USB HID relay hardware
2026-03-11 09:25:39 [ERROR   ] IVS.relay.Main – Resource limit: RAM 320 MB exceeds limit 300 MB
2026-03-11 09:25:39 [INFO    ] IVS.relay.Main – Relay process exiting
2026-03-11 09:27:43 [INFO    ] IVS.relay.Main – Relay process started  PID=11888
2026-03-11 09:27:43 [INFO    ] IVS.relay.Main – Using USB HID relay hardware
2026-03-11 09:27:43 [ERROR   ] IVS.relay.Main – Resource limit: RAM 320 MB exceeds limit 300 MB
2026-03-11 09:27:43 [INFO    ] IVS.relay.Main – Relay process exiting
2026-03-11 09:29:46 [INFO    ] IVS.relay.Main – Relay process started  PID=1576
2026-03-11 09:29:46 [INFO    ] IVS.relay.Main – Using USB HID relay hardware
2026-03-11 09:29:46 [ERROR   ] IVS.relay.Main – Resource limit: RAM 321 MB exceeds limit 300 MB
2026-03-11 09:29:46 [INFO    ] IVS.relay.Main – Relay process exiting
2026-03-11 09:31:50 [INFO    ] IVS.relay.Main – Relay process started  PID=25240
2026-03-11 09:31:50 [INFO    ] IVS.relay.Main – Using USB HID relay hardware
2026-03-11 09:31:50 [ERROR   ] IVS.relay.Main – Resource limit: RAM 320 MB exceeds limit 300 MB
2026-03-11 09:31:50 [INFO    ] IVS.relay.Main – Relay process exiting
2026-03-11 09:33:53 [INFO    ] IVS.relay.Main – Relay process started  PID=8008
2026-03-11 09:33:53 [INFO    ] IVS.relay.Main – Using USB HID relay hardware
2026-03-11 09:33:53 [ERROR   ] IVS.relay.Main – Resource limit: RAM 320 MB exceeds limit 300 MB
2026-03-11 09:33:53 [INFO    ] IVS.relay.Main – Relay process exiting
2026-03-11 09:35:56 [INFO    ] IVS.relay.Main – Relay process started  PID=1372
2026-03-11 09:35:56 [INFO    ] IVS.relay.Main – Using USB HID relay hardware
2026-03-11 09:35:56 [ERROR   ] IVS.relay.Main – Resource limit: RAM 320 MB exceeds limit 300 MB
2026-03-11 09:35:56 [INFO    ] IVS.relay.Main – Relay process exiting
2026-03-11 09:38:00 [INFO    ] IVS.relay.Main – Relay process started  PID=20396
2026-03-11 09:38:00 [INFO    ] IVS.relay.Main – Using USB HID relay hardware
2026-03-11 09:38:00 [ERROR   ] IVS.relay.Main – Resource limit: RAM 321 MB exceeds limit 300 MB
2026-03-11 09:38:00 [INFO    ] IVS.relay.Main – Relay process exiting
2026-03-11 09:40:03 [INFO    ] IVS.relay.Main – Relay process started  PID=7812
2026-03-11 09:40:03 [INFO    ] IVS.relay.Main – Using USB HID relay hardware
2026-03-11 09:40:03 [ERROR   ] IVS.relay.Main – Resource limit: RAM 320 MB exceeds limit 300 MB
2026-03-11 09:40:03 [INFO    ] IVS.relay.Main – Relay process exiting
2026-03-11 09:42:06 [INFO    ] IVS.relay.Main – Relay process started  PID=12500
2026-03-11 09:42:06 [INFO    ] IVS.relay.Main – Using USB HID relay hardware
2026-03-11 09:42:06 [ERROR   ] IVS.relay.Main – Resource limit: RAM 320 MB exceeds limit 300 MB
2026-03-11 09:42:06 [INFO    ] IVS.relay.Main – Relay process exiting
2026-03-11 09:44:10 [INFO    ] IVS.relay.Main – Relay process started  PID=21836
2026-03-11 09:44:10 [INFO    ] IVS.relay.Main – Using USB HID relay hardware
2026-03-11 09:44:10 [ERROR   ] IVS.relay.Main – Resource limit: RAM 320 MB exceeds limit 300 MB
2026-03-11 09:44:10 [INFO    ] IVS.relay.Main – Relay process exiting
2026-03-11 09:46:13 [INFO    ] IVS.relay.Main – Relay process started  PID=25708
2026-03-11 09:46:13 [INFO    ] IVS.relay.Main – Using USB HID relay hardware
2026-03-11 09:46:13 [ERROR   ] IVS.relay.Main – Resource limit: RAM 320 MB exceeds limit 300 MB
2026-03-11 09:46:13 [INFO    ] IVS.relay.Main – Relay process exiting
2026-03-11 09:48:16 [INFO    ] IVS.relay.Main – Relay process started  PID=17700
2026-03-11 09:48:16 [INFO    ] IVS.relay.Main – Using USB HID relay hardware
2026-03-11 09:48:16 [ERROR   ] IVS.relay.Main – Resource limit: RAM 320 MB exceeds limit 300 MB
2026-03-11 09:48:16 [INFO    ] IVS.relay.Main – Relay process exiting
2026-03-11 09:50:20 [INFO    ] IVS.relay.Main – Relay process started  PID=18048
2026-03-11 09:50:20 [INFO    ] IVS.relay.Main – Using USB HID relay hardware
2026-03-11 09:50:20 [ERROR   ] IVS.relay.Main – Resource limit: RAM 320 MB exceeds limit 300 MB
2026-03-11 09:50:20 [INFO    ] IVS.relay.Main – Relay process exiting
2026-03-11 09:52:23 [INFO    ] IVS.relay.Main – Relay process started  PID=16748
2026-03-11 09:52:23 [INFO    ] IVS.relay.Main – Using USB HID relay hardware
2026-03-11 09:52:23 [ERROR   ] IVS.relay.Main – Resource limit: RAM 321 MB exceeds limit 300 MB
2026-03-11 09:52:23 [INFO    ] IVS.relay.Main – Relay process exiting
2026-03-11 09:54:26 [INFO    ] IVS.relay.Main – Relay process started  PID=25136
2026-03-11 09:54:26 [INFO    ] IVS.relay.Main – Using USB HID relay hardware
2026-03-11 09:54:26 [ERROR   ] IVS.relay.Main – Resource limit: RAM 320 MB exceeds limit 300 MB
2026-03-11 09:54:26 [INFO    ] IVS.relay.Main – Relay process exiting
2026-03-11 09:56:30 [INFO    ] IVS.relay.Main – Relay process started  PID=9376
2026-03-11 09:56:30 [INFO    ] IVS.relay.Main – Using USB HID relay hardware
2026-03-11 09:56:30 [ERROR   ] IVS.relay.Main – Resource limit: RAM 321 MB exceeds limit 300 MB
2026-03-11 09:56:30 [INFO    ] IVS.relay.Main – Relay process exiting
2026-03-11 09:58:33 [INFO    ] IVS.relay.Main – Relay process started  PID=5312
2026-03-11 09:58:33 [INFO    ] IVS.relay.Main – Using USB HID relay hardware
2026-03-11 09:58:33 [ERROR   ] IVS.relay.Main – Resource limit: RAM 320 MB exceeds limit 300 MB
2026-03-11 09:58:33 [INFO    ] IVS.relay.Main – Relay process exiting
2026-03-11 10:00:36 [INFO    ] IVS.relay.Main – Relay process started  PID=7752
2026-03-11 10:00:36 [INFO    ] IVS.relay.Main – Using USB HID relay hardware
2026-03-11 10:00:36 [ERROR   ] IVS.relay.Main – Resource limit: RAM 320 MB exceeds limit 300 MB
2026-03-11 10:00:36 [INFO    ] IVS.relay.Main – Relay process exiting
2026-03-11 10:02:40 [INFO    ] IVS.relay.Main – Relay process started  PID=13120
2026-03-11 10:02:40 [INFO    ] IVS.relay.Main – Using USB HID relay hardware
2026-03-11 10:02:40 [ERROR   ] IVS.relay.Main – Resource limit: RAM 321 MB exceeds limit 300 MB
2026-03-11 10:02:40 [INFO    ] IVS.relay.Main – Relay process exiting
2026-03-11 10:04:43 [INFO    ] IVS.relay.Main – Relay process started  PID=16688
2026-03-11 10:04:43 [INFO    ] IVS.relay.Main – Using USB HID relay hardware
2026-03-11 10:04:43 [ERROR   ] IVS.relay.Main – Resource limit: RAM 320 MB exceeds limit 300 MB
2026-03-11 10:04:43 [INFO    ] IVS.relay.Main – Relay process exiting
2026-03-11 10:06:46 [INFO    ] IVS.relay.Main – Relay process started  PID=17132
2026-03-11 10:06:46 [INFO    ] IVS.relay.Main – Using USB HID relay hardware
2026-03-11 10:06:46 [ERROR   ] IVS.relay.Main – Resource limit: RAM 320 MB exceeds limit 300 MB
2026-03-11 10:06:46 [INFO    ] IVS.relay.Main – Relay process exiting
2026-03-11 12:08:47 [INFO    ] IVS.relay.Main – Relay process started  PID=8008
2026-03-11 12:08:47 [INFO    ] IVS.relay.Main – Using USB HID relay hardware
2026-03-11 12:08:47 [ERROR   ] IVS.relay.Main – Resource limit: RAM 321 MB exceeds limit 300 MB
2026-03-11 12:08:47 [INFO    ] IVS.relay.Main – Relay process exiting
2026-03-11 12:10:50 [INFO    ] IVS.relay.Main – Relay process started  PID=16032
2026-03-11 12:10:50 [INFO    ] IVS.relay.Main – Using USB HID relay hardware
2026-03-11 12:10:50 [ERROR   ] IVS.relay.Main – Resource limit: RAM 321 MB exceeds limit 300 MB
2026-03-11 12:10:50 [INFO    ] IVS.relay.Main – Relay process exiting
2026-03-11 12:12:54 [INFO    ] IVS.relay.Main – Relay process started  PID=25688
2026-03-11 12:12:54 [INFO    ] IVS.relay.Main – Using USB HID relay hardware
2026-03-11 12:12:54 [ERROR   ] IVS.relay.Main – Resource limit: RAM 320 MB exceeds limit 300 MB
2026-03-11 12:12:54 [INFO    ] IVS.relay.Main – Relay process exiting
2026-03-11 12:14:57 [INFO    ] IVS.relay.Main – Relay process started  PID=8792
2026-03-11 12:14:57 [INFO    ] IVS.relay.Main – Using USB HID relay hardware
2026-03-11 12:14:57 [ERROR   ] IVS.relay.Main – Resource limit: RAM 320 MB exceeds limit 300 MB
2026-03-11 12:14:57 [INFO    ] IVS.relay.Main – Relay process exiting
2026-03-11 12:17:01 [INFO    ] IVS.relay.Main – Relay process started  PID=2952
2026-03-11 12:17:01 [INFO    ] IVS.relay.Main – Using USB HID relay hardware
2026-03-11 12:17:01 [ERROR   ] IVS.relay.Main – Resource limit: RAM 320 MB exceeds limit 300 MB
2026-03-11 12:17:01 [INFO    ] IVS.relay.Main – Relay process exiting
2026-03-11 12:19:04 [INFO    ] IVS.relay.Main – Relay process started  PID=1940
2026-03-11 12:19:04 [INFO    ] IVS.relay.Main – Using USB HID relay hardware
2026-03-11 12:19:04 [ERROR   ] IVS.relay.Main – Resource limit: RAM 321 MB exceeds limit 300 MB
2026-03-11 12:19:04 [INFO    ] IVS.relay.Main – Relay process exiting
2026-03-11 12:21:07 [INFO    ] IVS.relay.Main – Relay process started  PID=23776
2026-03-11 12:21:07 [INFO    ] IVS.relay.Main – Using USB HID relay hardware
2026-03-11 12:21:07 [ERROR   ] IVS.relay.Main – Resource limit: RAM 320 MB exceeds limit 300 MB
2026-03-11 12:21:07 [INFO    ] IVS.relay.Main – Relay process exiting
2026-03-11 12:23:11 [INFO    ] IVS.relay.Main – Relay process started  PID=23576
2026-03-11 12:23:11 [INFO    ] IVS.relay.Main – Using USB HID relay hardware
2026-03-11 12:23:11 [ERROR   ] IVS.relay.Main – Resource limit: RAM 321 MB exceeds limit 300 MB
2026-03-11 12:23:11 [INFO    ] IVS.relay.Main – Relay process exiting
2026-03-11 12:25:14 [INFO    ] IVS.relay.Main – Relay process started  PID=7808
2026-03-11 12:25:14 [INFO    ] IVS.relay.Main – Using USB HID relay hardware
2026-03-11 12:25:14 [ERROR   ] IVS.relay.Main – Resource limit: RAM 320 MB exceeds limit 300 MB
2026-03-11 12:25:14 [INFO    ] IVS.relay.Main – Relay process exiting
2026-03-11 13:30:32 [INFO    ] IVS.relay.Main – Relay process started  PID=2500
2026-03-11 13:30:32 [INFO    ] IVS.relay.Main – Using USB HID relay hardware
2026-03-11 13:30:32 [ERROR   ] IVS.relay.Main – Resource limit: RAM 320 MB exceeds limit 300 MB
2026-03-11 13:30:32 [INFO    ] IVS.relay.Main – Relay process exiting
2026-03-11 13:32:36 [INFO    ] IVS.relay.Main – Relay process started  PID=24972
2026-03-11 13:32:36 [INFO    ] IVS.relay.Main – Using USB HID relay hardware
2026-03-11 13:32:36 [ERROR   ] IVS.relay.Main – Resource limit: RAM 321 MB exceeds limit 300 MB
2026-03-11 13:32:36 [INFO    ] IVS.relay.Main – Relay process exiting
2026-03-11 13:34:39 [INFO    ] IVS.relay.Main – Relay process started  PID=3312
2026-03-11 13:34:39 [INFO    ] IVS.relay.Main – Using USB HID relay hardware
2026-03-11 13:34:39 [ERROR   ] IVS.relay.Main – Resource limit: RAM 320 MB exceeds limit 300 MB
2026-03-11 13:34:39 [INFO    ] IVS.relay.Main – Relay process exiting
2026-03-11 13:36:42 [INFO    ] IVS.relay.Main – Relay process started  PID=25384
2026-03-11 13:36:42 [INFO    ] IVS.relay.Main – Using USB HID relay hardware
2026-03-11 13:36:42 [ERROR   ] IVS.relay.Main – Resource limit: RAM 321 MB exceeds limit 300 MB
2026-03-11 13:36:42 [INFO    ] IVS.relay.Main – Relay process exiting
2026-03-11 13:38:46 [INFO    ] IVS.relay.Main – Relay process started  PID=26468
2026-03-11 13:38:46 [INFO    ] IVS.relay.Main – Using USB HID relay hardware
2026-03-11 13:38:46 [ERROR   ] IVS.relay.Main – Resource limit: RAM 320 MB exceeds limit 300 MB
2026-03-11 13:38:46 [INFO    ] IVS.relay.Main – Relay process exiting
2026-03-11 13:40:49 [INFO    ] IVS.relay.Main – Relay process started  PID=19164
2026-03-11 13:40:49 [INFO    ] IVS.relay.Main – Using USB HID relay hardware
2026-03-11 13:40:49 [ERROR   ] IVS.relay.Main – Resource limit: RAM 321 MB exceeds limit 300 MB
2026-03-11 13:40:49 [INFO    ] IVS.relay.Main – Relay process exiting
2026-03-11 13:42:53 [INFO    ] IVS.relay.Main – Relay process started  PID=19844
2026-03-11 13:42:53 [INFO    ] IVS.relay.Main – Using USB HID relay hardware
2026-03-11 13:42:53 [ERROR   ] IVS.relay.Main – Resource limit: RAM 321 MB exceeds limit 300 MB
2026-03-11 13:42:53 [INFO    ] IVS.relay.Main – Relay process exiting
2026-03-11 13:44:57 [INFO    ] IVS.relay.Main – Relay process started  PID=16808
2026-03-11 13:44:57 [INFO    ] IVS.relay.Main – Using USB HID relay hardware
2026-03-11 13:44:57 [ERROR   ] IVS.relay.Main – Resource limit: RAM 320 MB exceeds limit 300 MB
2026-03-11 13:44:57 [INFO    ] IVS.relay.Main – Relay process exiting
2026-03-11 13:47:00 [INFO    ] IVS.relay.Main – Relay process started  PID=24644
2026-03-11 13:47:00 [INFO    ] IVS.relay.Main – Using USB HID relay hardware
2026-03-11 13:47:00 [ERROR   ] IVS.relay.Main – Resource limit: RAM 320 MB exceeds limit 300 MB
2026-03-11 13:47:00 [INFO    ] IVS.relay.Main – Relay process exiting
2026-03-11 13:49:04 [INFO    ] IVS.relay.Main – Relay process started  PID=9244
2026-03-11 13:49:04 [INFO    ] IVS.relay.Main – Using USB HID relay hardware
2026-03-11 13:49:04 [ERROR   ] IVS.relay.Main – Resource limit: RAM 320 MB exceeds limit 300 MB
2026-03-11 13:49:04 [INFO    ] IVS.relay.Main – Relay process exiting
2026-03-11 13:51:07 [INFO    ] IVS.relay.Main – Relay process started  PID=18056
2026-03-11 13:51:07 [INFO    ] IVS.relay.Main – Using USB HID relay hardware
2026-03-11 13:51:07 [ERROR   ] IVS.relay.Main – Resource limit: RAM 321 MB exceeds limit 300 MB
2026-03-11 13:51:07 [INFO    ] IVS.relay.Main – Relay process exiting
2026-03-11 13:53:10 [INFO    ] IVS.relay.Main – Relay process started  PID=21952
2026-03-11 13:53:10 [INFO    ] IVS.relay.Main – Using USB HID relay hardware
2026-03-11 13:53:10 [ERROR   ] IVS.relay.Main – Resource limit: RAM 320 MB exceeds limit 300 MB
2026-03-11 13:53:10 [INFO    ] IVS.relay.Main – Relay process exiting
2026-03-11 13:55:14 [INFO    ] IVS.relay.Main – Relay process started  PID=25500
2026-03-11 13:55:14 [INFO    ] IVS.relay.Main – Using USB HID relay hardware
2026-03-11 13:55:14 [ERROR   ] IVS.relay.Main – Resource limit: RAM 320 MB exceeds limit 300 MB
2026-03-11 13:55:14 [INFO    ] IVS.relay.Main – Relay process exiting
2026-03-11 13:57:17 [INFO    ] IVS.relay.Main – Relay process started  PID=3960
2026-03-11 13:57:17 [INFO    ] IVS.relay.Main – Using USB HID relay hardware
2026-03-11 13:57:17 [ERROR   ] IVS.relay.Main – Resource limit: RAM 320 MB exceeds limit 300 MB
2026-03-11 13:57:17 [INFO    ] IVS.relay.Main – Relay process exiting
2026-03-11 16:33:53 [INFO    ] IVS.relay.Main – Relay process started  PID=5620
2026-03-11 16:33:53 [INFO    ] IVS.relay.Main – USB HID relay hardware initialised
2026-03-11 16:36:38 [INFO    ] IVS.relay.Main – Relay process exiting
2026-03-11 16:37:14 [INFO    ] IVS.relay.Main – Relay process started  PID=28456
2026-03-11 16:37:14 [INFO    ] IVS.relay.Main – USB HID relay hardware initialised
2026-03-11 16:47:58 [INFO    ] IVS.relay.Main – Reloading settings
2026-03-11 16:47:58 [INFO    ] IVS.relay.ConfigLoader – Settings loaded from app_settings.json
2026-03-11 16:47:58 [INFO    ] IVS.relay.Main – Relay updated: cooldown=5.0s duration=1.0s
2026-03-11 16:48:04 [INFO    ] IVS.relay.Main – Reloading settings
2026-03-11 16:48:04 [INFO    ] IVS.relay.ConfigLoader – Settings loaded from app_settings.json
2026-03-11 16:48:04 [INFO    ] IVS.relay.Main – Relay updated: cooldown=5.0s duration=1.0s
2026-03-11 16:48:13 [INFO    ] IVS.relay.Main – Reloading settings
2026-03-11 16:48:13 [INFO    ] IVS.relay.ConfigLoader – Settings loaded from app_settings.json
2026-03-11 16:48:13 [INFO    ] IVS.relay.Main – Relay updated: cooldown=5.0s duration=1.0s
2026-03-11 16:49:41 [INFO    ] IVS.relay.Main – Relay process exiting
2026-03-12 06:48:00 [INFO    ] IVS.relay.Main – Relay process started  PID=6872
2026-03-12 06:48:00 [INFO    ] IVS.relay.Main – USB HID relay hardware initialised
2026-03-12 06:53:28 [INFO    ] IVS.relay.Main – Relay process exiting
2026-03-12 06:54:38 [INFO    ] IVS.relay.Main – Relay process started  PID=13024
2026-03-12 06:54:38 [INFO    ] IVS.relay.Main – USB HID relay hardware initialised
2026-03-12 06:54:54 [INFO    ] IVS.relay.Main – Relay process exiting
2026-03-12 06:57:42 [INFO    ] IVS.relay.Main – Relay process started  PID=25624
2026-03-12 06:57:42 [INFO    ] IVS.relay.Main – USB HID relay hardware initialised
2026-03-12 06:58:03 [INFO    ] IVS.relay.Main – Relay process exiting
2026-03-12 11:58:57 [INFO    ] IVS.relay.Main – Relay process started  PID=5752
2026-03-12 11:58:57 [INFO    ] IVS.relay.Main – USB HID relay hardware initialised
2026-03-12 12:00:00 [INFO    ] IVS.relay.Main – Relay process exiting
2026-03-12 12:00:26 [INFO    ] IVS.relay.Main – Relay process started  PID=24416
2026-03-12 12:00:26 [INFO    ] IVS.relay.Main – USB HID relay hardware initialised
2026-03-12 12:01:19 [INFO    ] IVS.relay.Main – Relay process exiting
2026-03-12 13:18:38 [INFO    ] IVS.relay.Main – Relay process started  PID=28836
2026-03-12 13:18:38 [INFO    ] IVS.relay.Main – USB HID relay hardware initialised
2026-03-12 13:19:18 [INFO    ] IVS.relay.Main – Relay process exiting
2026-03-16 11:28:37 [INFO    ] IVS.relay.Main – Relay process started  PID=10392
2026-03-16 11:28:37 [INFO    ] IVS.relay.Main – USB HID relay hardware initialised
2026-03-16 11:31:19 [INFO    ] IVS.relay.Main – Relay process exiting
2026-03-30 13:06:23 [INFO    ] IVS.relay.Main – Relay process started  PID=10440
2026-03-30 13:06:23 [INFO    ] IVS.relay.Main – USB HID relay hardware initialised
2026-03-30 13:06:32 [INFO    ] IVS.relay.Main – Relay process exiting
2026-03-30 13:07:20 [INFO    ] IVS.relay.Main – Relay process started  PID=3292
2026-03-30 13:07:20 [INFO    ] IVS.relay.Main – USB HID relay hardware initialised
2026-03-30 13:11:32 [INFO    ] IVS.relay.Main – Relay process exiting
2026-03-30 13:12:06 [INFO    ] IVS.relay.Main – Relay process started  PID=6460
2026-03-30 13:12:06 [INFO    ] IVS.relay.Main – USB HID relay hardware initialised
2026-03-30 13:13:21 [INFO    ] IVS.relay.Main – Relay process exiting
2026-03-30 13:14:54 [INFO    ] IVS.relay.Main – Relay process started  PID=296
2026-03-30 13:14:54 [INFO    ] IVS.relay.Main – USB HID relay hardware initialised
2026-03-30 13:16:10 [INFO    ] IVS.relay.Main – Relay process exiting
2026-03-30 13:16:20 [INFO    ] IVS.relay.Main – Relay process started  PID=14016
2026-03-30 13:16:20 [INFO    ] IVS.relay.Main – USB HID relay hardware initialised
2026-03-30 13:16:47 [INFO    ] IVS.relay.Main – Relay process exiting
2026-03-30 13:19:01 [INFO    ] IVS.relay.Main – Relay process started  PID=8800
2026-03-30 13:19:01 [INFO    ] IVS.relay.Main – USB HID relay hardware initialised
2026-03-30 13:19:18 [INFO    ] IVS.relay.Main – Relay process exiting
2026-03-30 13:20:16 [INFO    ] IVS.relay.Main – Relay process started  PID=14672
2026-03-30 13:20:16 [INFO    ] IVS.relay.Main – USB HID relay hardware initialised
2026-03-30 13:20:45 [INFO    ] IVS.relay.Main – Relay process exiting
2026-03-30 13:20:56 [INFO    ] IVS.relay.Main – Relay process started  PID=3968
2026-03-30 13:20:56 [INFO    ] IVS.relay.Main – USB HID relay hardware initialised
2026-03-30 13:22:46 [INFO    ] IVS.relay.Main – Relay process exiting
2026-03-30 13:22:58 [INFO    ] IVS.relay.Main – Relay process started  PID=4064
2026-03-30 13:22:58 [INFO    ] IVS.relay.Main – USB HID relay hardware initialised
2026-03-30 13:23:23 [INFO    ] IVS.relay.Main – Relay process exiting
2026-03-30 13:24:29 [INFO    ] IVS.relay.Main – Relay process started  PID=9736
2026-03-30 13:24:29 [INFO    ] IVS.relay.Main – USB HID relay hardware initialised
2026-03-30 13:25:31 [INFO    ] IVS.relay.Main – Relay process exiting
2026-03-30 13:26:43 [INFO    ] IVS.relay.Main – Relay process started  PID=7996
2026-03-30 13:26:43 [INFO    ] IVS.relay.Main – USB HID relay hardware initialised
2026-03-30 13:29:00 [INFO    ] IVS.relay.Main – Relay process exiting
2026-03-30 13:29:13 [INFO    ] IVS.relay.Main – Relay process started  PID=11244
2026-03-30 13:29:13 [INFO    ] IVS.relay.Main – USB HID relay hardware initialised
2026-03-30 13:30:53 [INFO    ] IVS.relay.Main – Relay 2 COOLDOWN cam=2 zone=3
2026-03-30 13:30:54 [INFO    ] IVS.relay.Main – Relay 2 COOLDOWN cam=2 zone=3
2026-03-30 13:30:55 [INFO    ] IVS.relay.Main – Relay 2 COOLDOWN cam=2 zone=3
2026-03-30 13:30:59 [INFO    ] IVS.relay.Main – Relay 2 COOLDOWN cam=2 zone=3
2026-03-30 13:30:59 [INFO    ] IVS.relay.Main – Relay 2 COOLDOWN cam=2 zone=3
2026-03-30 13:31:54 [INFO    ] IVS.relay.Main – Relay 1 COOLDOWN cam=1 zone=1
2026-03-30 13:31:55 [INFO    ] IVS.relay.Main – Relay 1 COOLDOWN cam=1 zone=1
2026-03-30 13:31:57 [INFO    ] IVS.relay.Main – Relay 1 COOLDOWN cam=1 zone=1
2026-03-30 13:31:57 [INFO    ] IVS.relay.Main – Relay 1 COOLDOWN cam=1 zone=1
2026-03-30 13:31:58 [INFO    ] IVS.relay.Main – Relay 1 COOLDOWN cam=1 zone=1
2026-03-30 13:31:59 [INFO    ] IVS.relay.Main – Relay 1 COOLDOWN cam=1 zone=1
2026-03-30 13:31:59 [INFO    ] IVS.relay.Main – Relay 1 COOLDOWN cam=1 zone=1
2026-03-30 13:32:00 [INFO    ] IVS.relay.Main – Relay 1 COOLDOWN cam=1 zone=1
2026-03-30 13:32:23 [INFO    ] IVS.relay.Main – Relay 1 COOLDOWN cam=1 zone=1
2026-03-30 13:32:24 [INFO    ] IVS.relay.Main – Relay 1 COOLDOWN cam=1 zone=1
2026-03-30 13:32:24 [INFO    ] IVS.relay.Main – Relay 1 COOLDOWN cam=1 zone=1
2026-03-30 13:32:25 [INFO    ] IVS.relay.Main – Relay 1 COOLDOWN cam=1 zone=1
2026-03-30 13:32:26 [INFO    ] IVS.relay.Main – Relay 1 COOLDOWN cam=1 zone=1
2026-03-30 13:32:27 [INFO    ] IVS.relay.Main – Relay 1 COOLDOWN cam=1 zone=1
2026-03-30 13:32:27 [INFO    ] IVS.relay.Main – Relay 1 COOLDOWN cam=1 zone=1
2026-03-30 13:32:32 [INFO    ] IVS.relay.Main – Relay 1 COOLDOWN cam=1 zone=1
2026-03-30 13:32:33 [INFO    ] IVS.relay.Main – Relay 1 COOLDOWN cam=1 zone=1
2026-03-30 13:32:33 [INFO    ] IVS.relay.Main – Relay 1 COOLDOWN cam=1 zone=1
2026-03-30 13:32:33 [INFO    ] IVS.relay.Main – Relay 1 COOLDOWN cam=1 zone=1
2026-03-30 13:32:34 [INFO    ] IVS.relay.Main – Relay 1 COOLDOWN cam=1 zone=1
2026-03-30 13:32:49 [INFO    ] IVS.relay.Main – Reloading settings
2026-03-30 13:32:49 [INFO    ] IVS.relay.ConfigLoader – Settings loaded from app_settings.json
2026-03-30 13:32:49 [INFO    ] IVS.relay.Main – Relay updated: cooldown=5.0s duration=1.0s
2026-03-30 13:33:06 [INFO    ] IVS.relay.Main – Reloading settings
2026-03-30 13:33:06 [INFO    ] IVS.relay.ConfigLoader – Settings loaded from app_settings.json
2026-03-30 13:33:06 [INFO    ] IVS.relay.Main – Relay updated: cooldown=5.0s duration=1.0s
2026-03-30 13:33:09 [INFO    ] IVS.relay.Main – Reloading settings
2026-03-30 13:33:09 [INFO    ] IVS.relay.ConfigLoader – Settings loaded from app_settings.json
2026-03-30 13:33:09 [INFO    ] IVS.relay.Main – Relay updated: cooldown=5.0s duration=1.0s
2026-03-30 13:33:20 [INFO    ] IVS.relay.Main – Relay 1 COOLDOWN cam=1 zone=1
2026-03-30 13:33:34 [INFO    ] IVS.relay.Main – Relay 1 COOLDOWN cam=1 zone=1
2026-03-30 13:33:49 [INFO    ] IVS.relay.Main – Relay 1 COOLDOWN cam=1 zone=1
2026-03-30 13:33:56 [INFO    ] IVS.relay.Main – Relay 1 COOLDOWN cam=1 zone=1
2026-03-30 13:33:58 [INFO    ] IVS.relay.Main – Relay 1 COOLDOWN cam=1 zone=1
2026-03-30 13:34:02 [INFO    ] IVS.relay.Main – Relay 1 COOLDOWN cam=1 zone=1
2026-03-30 13:34:12 [INFO    ] IVS.relay.Main – Relay 1 COOLDOWN cam=1 zone=1
2026-03-30 13:34:12 [INFO    ] IVS.relay.Main – Reloading settings
2026-03-30 13:34:12 [INFO    ] IVS.relay.ConfigLoader – Settings loaded from app_settings.json
2026-03-30 13:34:12 [INFO    ] IVS.relay.Main – Relay updated: cooldown=5.0s duration=1.0s
2026-03-30 13:34:13 [INFO    ] IVS.relay.Main – Relay 1 COOLDOWN cam=1 zone=1
2026-03-30 13:34:16 [INFO    ] IVS.relay.Main – Relay 1 COOLDOWN cam=1 zone=1
2026-03-30 13:34:16 [INFO    ] IVS.relay.Main – Relay 1 COOLDOWN cam=1 zone=1
2026-03-30 13:34:24 [INFO    ] IVS.relay.Main – Relay 1 COOLDOWN cam=1 zone=1
2026-03-30 13:34:30 [INFO    ] IVS.relay.Main – Relay 1 COOLDOWN cam=1 zone=1
2026-03-30 13:34:34 [INFO    ] IVS.relay.Main – Relay 1 COOLDOWN cam=1 zone=1
2026-03-30 13:34:34 [INFO    ] IVS.relay.Main – Relay 1 COOLDOWN cam=1 zone=1
2026-03-30 13:34:39 [INFO    ] IVS.relay.Main – Relay 1 COOLDOWN cam=1 zone=1
2026-03-30 13:34:39 [INFO    ] IVS.relay.Main – Relay 1 COOLDOWN cam=1 zone=1
2026-03-30 13:34:40 [INFO    ] IVS.relay.Main – Relay 1 COOLDOWN cam=1 zone=1
2026-03-30 13:34:49 [INFO    ] IVS.relay.Main – Relay 1 COOLDOWN cam=1 zone=1
2026-03-30 13:34:49 [INFO    ] IVS.relay.Main – Reloading settings
2026-03-30 13:34:49 [INFO    ] IVS.relay.ConfigLoader – Settings loaded from app_settings.json
2026-03-30 13:34:49 [INFO    ] IVS.relay.Main – Relay updated: cooldown=5.0s duration=1.0s
2026-03-30 13:34:50 [INFO    ] IVS.relay.Main – Relay 1 COOLDOWN cam=1 zone=1
2026-03-30 13:34:50 [INFO    ] IVS.relay.Main – Relay 1 COOLDOWN cam=1 zone=1
2026-03-30 13:34:50 [INFO    ] IVS.relay.Main – Relay 1 COOLDOWN cam=1 zone=1
2026-03-30 13:34:58 [INFO    ] IVS.relay.Main – Relay 1 COOLDOWN cam=1 zone=1
2026-03-30 13:34:59 [INFO    ] IVS.relay.Main – Relay 1 COOLDOWN cam=1 zone=1
2026-03-30 13:35:00 [INFO    ] IVS.relay.Main – Relay 1 COOLDOWN cam=1 zone=1
2026-03-30 13:35:00 [INFO    ] IVS.relay.Main – Relay process exiting
2026-03-30 13:35:28 [INFO    ] IVS.relay.Main – Relay process started  PID=9720
2026-03-30 13:35:28 [INFO    ] IVS.relay.Main – USB HID relay hardware initialised
2026-03-30 13:35:35 [INFO    ] IVS.relay.Main – Relay 1 COOLDOWN cam=1 zone=1
2026-03-30 13:35:40 [INFO    ] IVS.relay.Main – Relay 1 COOLDOWN cam=1 zone=1
2026-03-30 13:35:44 [INFO    ] IVS.relay.Main – Relay 1 COOLDOWN cam=1 zone=1
2026-03-30 13:35:47 [INFO    ] IVS.relay.Main – Relay 1 COOLDOWN cam=1 zone=1
2026-03-30 13:35:50 [INFO    ] IVS.relay.Main – Relay 1 COOLDOWN cam=1 zone=1
2026-03-30 13:35:56 [INFO    ] IVS.relay.Main – Relay 1 COOLDOWN cam=1 zone=1
2026-03-30 13:35:58 [INFO    ] IVS.relay.Main – Relay 1 COOLDOWN cam=1 zone=1
2026-03-30 13:36:05 [INFO    ] IVS.relay.Main – Relay 1 COOLDOWN cam=1 zone=1
2026-03-30 13:36:11 [INFO    ] IVS.relay.Main – Relay 1 COOLDOWN cam=1 zone=1
2026-03-30 13:36:11 [INFO    ] IVS.relay.Main – Relay 1 COOLDOWN cam=1 zone=1
2026-03-30 13:36:25 [INFO    ] IVS.relay.Main – Relay 1 COOLDOWN cam=1 zone=1
2026-03-30 13:36:52 [INFO    ] IVS.relay.Main – Relay 1 COOLDOWN cam=1 zone=1
2026-03-30 13:36:58 [INFO    ] IVS.relay.Main – Relay 1 COOLDOWN cam=1 zone=1
2026-03-30 13:37:02 [INFO    ] IVS.relay.Main – Relay 1 COOLDOWN cam=1 zone=1
2026-03-30 13:37:16 [INFO    ] IVS.relay.Main – Relay 1 COOLDOWN cam=1 zone=1
2026-03-30 13:37:16 [INFO    ] IVS.relay.Main – Relay 1 COOLDOWN cam=1 zone=1
2026-03-30 13:37:17 [INFO    ] IVS.relay.Main – Relay 1 COOLDOWN cam=1 zone=1
2026-03-30 13:37:17 [INFO    ] IVS.relay.Main – Relay 1 COOLDOWN cam=1 zone=1
2026-03-30 13:37:22 [INFO    ] IVS.relay.Main – Relay 1 COOLDOWN cam=1 zone=1
2026-03-30 13:37:23 [INFO    ] IVS.relay.Main – Relay 1 COOLDOWN cam=1 zone=1
2026-03-30 13:37:24 [INFO    ] IVS.relay.Main – Relay 1 COOLDOWN cam=1 zone=1
2026-03-30 13:37:25 [INFO    ] IVS.relay.Main – Relay 1 COOLDOWN cam=1 zone=1
2026-03-30 13:37:25 [INFO    ] IVS.relay.Main – Relay 1 COOLDOWN cam=1 zone=1
2026-03-30 13:37:25 [INFO    ] IVS.relay.Main – Relay 1 COOLDOWN cam=1 zone=1
2026-03-30 13:37:26 [INFO    ] IVS.relay.Main – Relay 1 COOLDOWN cam=1 zone=1
2026-03-30 13:37:26 [INFO    ] IVS.relay.Main – Relay 1 COOLDOWN cam=1 zone=1
2026-03-30 13:37:26 [INFO    ] IVS.relay.Main – Relay 1 COOLDOWN cam=1 zone=1
2026-03-30 13:37:28 [INFO    ] IVS.relay.Main – Relay 1 COOLDOWN cam=1 zone=1
2026-03-30 13:38:25 [INFO    ] IVS.relay.Main – Relay process exiting
2026-03-30 14:12:07 [INFO    ] IVS.relay.Main – Relay process started  PID=304
2026-03-30 14:12:07 [INFO    ] IVS.relay.Main – USB HID relay hardware initialised
2026-03-30 14:12:26 [INFO    ] IVS.relay.Main – Relay 2 COOLDOWN cam=2 zone=3
2026-03-30 14:12:29 [INFO    ] IVS.relay.Main – Relay 2 COOLDOWN cam=2 zone=3
2026-03-30 14:12:31 [INFO    ] IVS.relay.Main – Relay 2 COOLDOWN cam=2 zone=3
2026-03-30 14:12:45 [INFO    ] IVS.relay.Main – Relay 2 COOLDOWN cam=2 zone=3
2026-03-30 14:12:46 [INFO    ] IVS.relay.Main – Relay 2 COOLDOWN cam=2 zone=3
2026-03-30 14:12:48 [INFO    ] IVS.relay.Main – Relay 2 COOLDOWN cam=2 zone=3
2026-03-30 14:12:48 [INFO    ] IVS.relay.Main – Relay 2 COOLDOWN cam=2 zone=3
2026-03-30 14:12:49 [INFO    ] IVS.relay.Main – Relay 2 COOLDOWN cam=2 zone=3
2026-03-30 14:12:49 [INFO    ] IVS.relay.Main – Relay 2 COOLDOWN cam=2 zone=3
2026-03-30 14:12:50 [INFO    ] IVS.relay.Main – Relay 2 COOLDOWN cam=2 zone=3
2026-03-30 14:12:51 [INFO    ] IVS.relay.Main – Relay 2 COOLDOWN cam=2 zone=3
2026-03-30 14:12:55 [INFO    ] IVS.relay.Main – Relay 2 COOLDOWN cam=2 zone=3
2026-03-30 14:12:56 [INFO    ] IVS.relay.Main – Relay 2 COOLDOWN cam=2 zone=3
2026-03-30 14:12:58 [INFO    ] IVS.relay.Main – Relay 2 COOLDOWN cam=2 zone=3
2026-03-30 14:12:58 [INFO    ] IVS.relay.Main – Relay 2 COOLDOWN cam=2 zone=3
2026-03-30 14:12:59 [INFO    ] IVS.relay.Main – Relay 2 COOLDOWN cam=2 zone=3
2026-03-30 14:13:02 [INFO    ] IVS.relay.Main – Relay 2 COOLDOWN cam=2 zone=3
2026-03-30 14:13:04 [INFO    ] IVS.relay.Main – Relay 2 COOLDOWN cam=2 zone=3
2026-03-30 14:13:06 [INFO    ] IVS.relay.Main – Relay 2 COOLDOWN cam=2 zone=3
2026-03-30 14:13:06 [INFO    ] IVS.relay.Main – Relay 2 COOLDOWN cam=2 zone=3
2026-03-30 14:13:07 [INFO    ] IVS.relay.Main – Relay 2 COOLDOWN cam=2 zone=3
2026-03-30 14:13:08 [INFO    ] IVS.relay.Main – Relay 2 COOLDOWN cam=2 zone=3
2026-03-30 14:13:09 [INFO    ] IVS.relay.Main – Relay 2 COOLDOWN cam=2 zone=3
2026-03-30 14:13:11 [INFO    ] IVS.relay.Main – Relay 2 COOLDOWN cam=2 zone=3
2026-03-30 14:13:28 [INFO    ] IVS.relay.Main – Relay 2 COOLDOWN cam=2 zone=3
2026-03-30 14:13:28 [INFO    ] IVS.relay.Main – Relay 2 COOLDOWN cam=2 zone=3
2026-03-30 14:13:30 [INFO    ] IVS.relay.Main – Relay 2 COOLDOWN cam=2 zone=3
2026-03-30 14:13:30 [INFO    ] IVS.relay.Main – Relay 2 COOLDOWN cam=2 zone=3
2026-03-30 14:13:31 [INFO    ] IVS.relay.Main – Relay 2 COOLDOWN cam=2 zone=3
2026-03-30 14:13:32 [INFO    ] IVS.relay.Main – Relay 2 COOLDOWN cam=2 zone=3
2026-03-30 14:13:32 [INFO    ] IVS.relay.Main – Relay 2 COOLDOWN cam=2 zone=3
2026-03-30 14:13:34 [INFO    ] IVS.relay.Main – Relay 2 COOLDOWN cam=2 zone=3
2026-03-30 14:13:35 [INFO    ] IVS.relay.Main – Relay 2 COOLDOWN cam=2 zone=3
2026-03-30 14:13:37 [INFO    ] IVS.relay.Main – Relay 2 COOLDOWN cam=2 zone=3
2026-03-30 14:13:37 [INFO    ] IVS.relay.Main – Relay 2 COOLDOWN cam=2 zone=3
2026-03-30 14:13:38 [INFO    ] IVS.relay.Main – Relay 2 COOLDOWN cam=2 zone=3
2026-03-30 14:13:38 [INFO    ] IVS.relay.Main – Relay 2 COOLDOWN cam=2 zone=3
2026-03-30 14:13:45 [INFO    ] IVS.relay.Main – Relay 2 COOLDOWN cam=2 zone=3
2026-03-30 14:13:46 [INFO    ] IVS.relay.Main – Relay 2 COOLDOWN cam=2 zone=3
2026-03-30 14:13:47 [INFO    ] IVS.relay.Main – Relay 2 COOLDOWN cam=2 zone=3
2026-03-30 14:13:49 [INFO    ] IVS.relay.Main – Relay 2 COOLDOWN cam=2 zone=3
2026-03-30 14:13:52 [INFO    ] IVS.relay.Main – Relay 2 COOLDOWN cam=2 zone=3
2026-03-30 14:13:53 [INFO    ] IVS.relay.Main – Relay 2 COOLDOWN cam=2 zone=3
2026-03-30 14:14:40 [INFO    ] IVS.relay.Main – Relay 2 COOLDOWN cam=2 zone=3
2026-03-30 14:14:41 [INFO    ] IVS.relay.Main – Relay 2 COOLDOWN cam=2 zone=3
2026-03-30 14:15:35 [INFO    ] IVS.relay.Main – Relay 1 COOLDOWN cam=1 zone=1
2026-03-30 14:15:59 [INFO    ] IVS.relay.Main – Relay 2 COOLDOWN cam=2 zone=3
2026-03-30 14:16:00 [INFO    ] IVS.relay.Main – Relay 1 COOLDOWN cam=1 zone=1
2026-03-30 14:16:05 [INFO    ] IVS.relay.Main – Relay 2 COOLDOWN cam=2 zone=3
2026-03-30 14:16:06 [INFO    ] IVS.relay.Main – Relay 2 COOLDOWN cam=2 zone=3
2026-03-30 14:16:07 [INFO    ] IVS.relay.Main – Relay 2 COOLDOWN cam=2 zone=3
2026-03-30 14:16:08 [INFO    ] IVS.relay.Main – Relay 2 COOLDOWN cam=2 zone=3
2026-03-30 14:16:08 [INFO    ] IVS.relay.Main – Relay 2 COOLDOWN cam=2 zone=3
2026-03-30 14:16:15 [INFO    ] IVS.relay.Main – Relay 2 COOLDOWN cam=2 zone=3
2026-03-30 14:16:16 [INFO    ] IVS.relay.Main – Relay 2 COOLDOWN cam=2 zone=3
2026-03-30 14:16:17 [INFO    ] IVS.relay.Main – Relay 2 COOLDOWN cam=2 zone=3
2026-03-30 14:16:17 [INFO    ] IVS.relay.Main – Relay 2 COOLDOWN cam=2 zone=3
2026-03-30 14:16:18 [INFO    ] IVS.relay.Main – Relay 2 COOLDOWN cam=2 zone=3
2026-03-30 14:16:20 [INFO    ] IVS.relay.Main – Relay 2 COOLDOWN cam=2 zone=3
2026-03-30 14:16:22 [INFO    ] IVS.relay.Main – Relay 2 COOLDOWN cam=2 zone=3
2026-03-30 14:20:55 [INFO    ] IVS.relay.Main – Relay process exiting
2026-03-30 14:27:45 [INFO    ] IVS.relay.Main – Relay process started  PID=14140
2026-03-30 14:27:45 [INFO    ] IVS.relay.Main – USB HID relay hardware initialised
2026-03-30 14:27:56 [INFO    ] IVS.relay.Main – Relay 2 COOLDOWN cam=2 zone=2
2026-03-30 14:27:57 [INFO    ] IVS.relay.Main – Relay 2 COOLDOWN cam=2 zone=2
2026-03-30 14:27:58 [INFO    ] IVS.relay.Main – Relay 1 COOLDOWN cam=1 zone=1
2026-03-30 14:28:04 [INFO    ] IVS.relay.Main – Relay 1 COOLDOWN cam=1 zone=1
2026-03-30 14:28:06 [INFO    ] IVS.relay.Main – Relay 2 COOLDOWN cam=2 zone=2
2026-03-30 14:28:06 [INFO    ] IVS.relay.Main – Relay 2 COOLDOWN cam=2 zone=2
2026-03-30 14:28:07 [INFO    ] IVS.relay.Main – Relay 2 COOLDOWN cam=2 zone=2
2026-03-30 14:28:16 [INFO    ] IVS.relay.Main – Relay process exiting
2026-03-30 15:10:56 [INFO    ] IVS.relay.Main – Relay process started  PID=6292
2026-03-30 15:10:56 [INFO    ] IVS.relay.Main – USB HID relay hardware initialised
2026-03-30 15:11:00 [INFO    ] IVS.relay.Main – Relay 1 COOLDOWN cam=1 zone=1
2026-03-30 15:11:04 [INFO    ] IVS.relay.Main – Relay 2 COOLDOWN cam=2 zone=2
2026-03-30 15:11:05 [INFO    ] IVS.relay.Main – Relay 2 COOLDOWN cam=2 zone=2
2026-03-30 15:11:11 [INFO    ] IVS.relay.Main – Relay 2 COOLDOWN cam=2 zone=2
2026-03-30 15:11:13 [INFO    ] IVS.relay.Main – Relay 2 COOLDOWN cam=2 zone=2
2026-03-30 15:11:16 [INFO    ] IVS.relay.Main – Relay 2 COOLDOWN cam=2 zone=2
2026-03-30 15:11:19 [INFO    ] IVS.relay.Main – Relay 1 COOLDOWN cam=1 zone=1
2026-03-30 15:11:23 [INFO    ] IVS.relay.Main – Relay 2 COOLDOWN cam=2 zone=2
2026-03-30 15:11:23 [INFO    ] IVS.relay.Main – Relay 1 COOLDOWN cam=1 zone=1
2026-03-30 15:11:23 [INFO    ] IVS.relay.Main – Relay 2 COOLDOWN cam=2 zone=2
2026-03-30 15:11:24 [INFO    ] IVS.relay.Main – Relay process exiting
2026-03-30 19:12:33 [INFO    ] IVS.relay.Main – Relay process started  PID=4836
2026-03-30 19:12:33 [INFO    ] IVS.relay.Main – USB HID relay hardware initialised
2026-03-30 19:12:38 [INFO    ] IVS.relay.Main – Relay 2 COOLDOWN cam=2 zone=2
2026-03-30 19:12:55 [INFO    ] IVS.relay.Main – Relay 2 COOLDOWN cam=2 zone=2
2026-03-30 19:13:00 [INFO    ] IVS.relay.Main – Relay 2 COOLDOWN cam=2 zone=2
2026-03-30 19:13:16 [INFO    ] IVS.relay.Main – Relay 2 OK cam=2 zone=2
2026-03-30 19:13:16 [INFO    ] IVS.relay.Main – Relay 2 COOLDOWN cam=2 zone=2
2026-03-30 19:13:17 [INFO    ] IVS.relay.Main – Relay 2 COOLDOWN cam=2 zone=2
2026-03-30 19:13:17 [INFO    ] IVS.relay.Main – Relay 2 COOLDOWN cam=2 zone=2
2026-03-30 19:13:18 [INFO    ] IVS.relay.Main – Relay 2 COOLDOWN cam=2 zone=2
2026-03-30 19:13:19 [INFO    ] IVS.relay.Main – Relay 2 COOLDOWN cam=2 zone=2
2026-03-30 19:13:20 [INFO    ] IVS.relay.Main – Relay 2 COOLDOWN cam=2 zone=2
2026-03-30 19:13:21 [INFO    ] IVS.relay.Main – Relay 2 OK cam=2 zone=2
2026-03-30 19:13:23 [INFO    ] IVS.relay.Main – Relay 2 COOLDOWN cam=2 zone=2
2026-03-30 19:13:29 [INFO    ] IVS.relay.Main – Relay 2 OK cam=2 zone=2
2026-03-30 19:13:32 [INFO    ] IVS.relay.Main – Relay 2 COOLDOWN cam=2 zone=2
2026-03-30 19:13:35 [INFO    ] IVS.relay.Main – Relay 2 OK cam=2 zone=2
2026-03-30 19:13:35 [INFO    ] IVS.relay.Main – Relay 2 COOLDOWN cam=2 zone=2
2026-03-30 19:13:37 [INFO    ] IVS.relay.Main – Relay 2 COOLDOWN cam=2 zone=2
2026-03-30 19:13:37 [INFO    ] IVS.relay.Main – Relay 2 COOLDOWN cam=2 zone=2
2026-03-30 19:13:38 [INFO    ] IVS.relay.Main – Relay 2 COOLDOWN cam=2 zone=2
2026-03-30 19:13:47 [INFO    ] IVS.relay.Main – Reloading settings
2026-03-30 19:13:47 [INFO    ] IVS.relay.ConfigLoader – Settings loaded from app_settings.json
2026-03-30 19:13:47 [INFO    ] IVS.relay.Main – Relay updated: cooldown=1.0s duration=1.0s
2026-03-30 19:13:54 [INFO    ] IVS.relay.Main – Relay 2 OK cam=2 zone=2
2026-03-30 19:13:54 [INFO    ] IVS.relay.Main – Relay 2 COOLDOWN cam=2 zone=2
2026-03-30 19:13:58 [INFO    ] IVS.relay.Main – Relay 2 OK cam=2 zone=2
2026-03-30 19:14:02 [INFO    ] IVS.relay.Main – Relay 2 OK cam=2 zone=2
2026-03-30 19:14:03 [INFO    ] IVS.relay.Main – Relay 2 COOLDOWN cam=2 zone=2
2026-03-30 19:14:07 [INFO    ] IVS.relay.Main – Relay 2 OK cam=2 zone=2
2026-03-30 19:14:12 [INFO    ] IVS.relay.Main – Relay 1 OK cam=1 zone=1
2026-03-30 19:14:28 [INFO    ] IVS.relay.Main – Relay 1 OK cam=1 zone=1
2026-03-30 19:14:28 [INFO    ] IVS.relay.Main – Relay 1 COOLDOWN cam=1 zone=1
2026-03-30 19:14:29 [INFO    ] IVS.relay.Main – Relay 1 COOLDOWN cam=1 zone=1
2026-03-30 19:14:30 [INFO    ] IVS.relay.Main – Relay 1 OK cam=1 zone=1
2026-03-30 19:14:30 [INFO    ] IVS.relay.Main – Relay 1 COOLDOWN cam=1 zone=1
2026-03-30 19:14:30 [INFO    ] IVS.relay.Main – Relay 1 COOLDOWN cam=1 zone=1
2026-03-30 19:14:31 [INFO    ] IVS.relay.Main – Relay 1 OK cam=1 zone=1
2026-03-30 19:14:48 [INFO    ] IVS.relay.Main – Relay 1 OK cam=1 zone=1
2026-03-30 19:14:48 [INFO    ] IVS.relay.Main – Relay 1 COOLDOWN cam=1 zone=1
2026-03-30 19:14:49 [INFO    ] IVS.relay.Main – Relay 1 OK cam=1 zone=1
2026-03-30 19:14:54 [INFO    ] IVS.relay.Main – Relay 1 OK cam=1 zone=1
2026-03-30 19:14:55 [INFO    ] IVS.relay.Main – Relay 1 COOLDOWN cam=1 zone=1
2026-03-30 19:15:28 [INFO    ] IVS.relay.Main – Relay 1 OK cam=1 zone=1
2026-03-30 19:15:28 [INFO    ] IVS.relay.Main – Relay 1 COOLDOWN cam=1 zone=1
2026-03-30 19:15:28 [INFO    ] IVS.relay.Main – Relay 1 COOLDOWN cam=1 zone=1
2026-03-30 19:15:30 [INFO    ] IVS.relay.Main – Relay 1 OK cam=1 zone=1
2026-03-30 19:15:30 [INFO    ] IVS.relay.Main – Relay 1 COOLDOWN cam=1 zone=1
2026-03-30 19:15:31 [INFO    ] IVS.relay.Main – Relay 1 COOLDOWN cam=1 zone=1
2026-03-30 19:15:33 [INFO    ] IVS.relay.Main – Relay 1 OK cam=1 zone=1
2026-03-30 19:15:33 [INFO    ] IVS.relay.Main – Relay 1 COOLDOWN cam=1 zone=1
2026-03-30 19:15:37 [INFO    ] IVS.relay.Main – Relay 1 OK cam=1 zone=1
2026-03-30 19:15:38 [INFO    ] IVS.relay.Main – Relay 1 OK cam=1 zone=1
2026-03-30 19:16:07 [INFO    ] IVS.relay.Main – Relay process exiting
2026-03-30 19:52:12 [INFO    ] IVS.relay.Main – Relay process started  PID=828
2026-03-30 19:52:12 [INFO    ] IVS.relay.Main – USB HID relay hardware initialised
2026-03-30 19:52:15 [INFO    ] IVS.relay.Main – Relay 1 OK cam=1 zone=1
2026-03-30 19:52:30 [INFO    ] IVS.relay.Main – Relay 1 OK cam=1 zone=1
2026-03-30 19:52:30 [INFO    ] IVS.relay.Main – Relay 1 COOLDOWN cam=1 zone=1
2026-03-30 19:52:34 [INFO    ] IVS.relay.Main – Relay 1 OK cam=1 zone=1
2026-03-30 19:52:36 [INFO    ] IVS.relay.Main – Relay 1 OK cam=1 zone=1
2026-03-30 19:52:39 [INFO    ] IVS.relay.Main – Relay 1 OK cam=1 zone=1
2026-03-30 19:52:41 [INFO    ] IVS.relay.Main – Relay 1 OK cam=1 zone=1
2026-03-30 19:52:49 [INFO    ] IVS.relay.Main – Relay 1 OK cam=1 zone=1
2026-03-30 19:52:49 [INFO    ] IVS.relay.Main – Relay 1 COOLDOWN cam=1 zone=1
2026-03-30 19:52:49 [INFO    ] IVS.relay.Main – Relay 1 COOLDOWN cam=1 zone=1
2026-03-30 19:52:49 [INFO    ] IVS.relay.Main – Relay 1 COOLDOWN cam=1 zone=1
2026-03-30 19:52:54 [INFO    ] IVS.relay.Main – Relay 1 OK cam=1 zone=1
2026-03-30 19:52:55 [INFO    ] IVS.relay.Main – Relay 1 COOLDOWN cam=1 zone=1
2026-03-30 19:52:56 [INFO    ] IVS.relay.Main – Relay 1 OK cam=1 zone=1
2026-03-30 19:52:57 [INFO    ] IVS.relay.Main – Relay 1 OK cam=1 zone=1
2026-03-30 19:52:57 [INFO    ] IVS.relay.Main – Relay 1 COOLDOWN cam=1 zone=1
2026-03-30 19:52:58 [INFO    ] IVS.relay.Main – Relay 1 COOLDOWN cam=1 zone=1
2026-03-30 19:53:02 [INFO    ] IVS.relay.Main – Relay 1 OK cam=1 zone=1
2026-03-30 19:53:02 [INFO    ] IVS.relay.Main – Relay 1 COOLDOWN cam=1 zone=1
2026-03-30 19:53:03 [INFO    ] IVS.relay.Main – Relay process exiting
2026-04-14 22:58:28 [INFO    ] IVS.relay.Main – Relay process started  PID=9436
2026-04-14 22:58:28 [INFO    ] IVS.relay.Main – USB HID relay hardware initialised
2026-04-14 22:58:35 [INFO    ] IVS.relay.Main – Relay 2 OK cam=2 zone=2
2026-04-14 22:58:35 [INFO    ] IVS.relay.Main – Relay 2 COOLDOWN cam=2 zone=2
2026-04-14 22:58:38 [INFO    ] IVS.relay.Main – Relay 2 OK cam=2 zone=2
2026-04-14 22:58:38 [INFO    ] IVS.relay.Main – Relay 2 COOLDOWN cam=2 zone=2
2026-04-14 22:58:39 [INFO    ] IVS.relay.Main – Relay 2 OK cam=2 zone=2
2026-04-14 22:58:39 [INFO    ] IVS.relay.Main – Relay 2 COOLDOWN cam=2 zone=2
2026-04-14 22:58:44 [INFO    ] IVS.relay.Main – Relay 2 OK cam=2 zone=2
2026-04-14 22:58:44 [INFO    ] IVS.relay.Main – Relay 2 COOLDOWN cam=2 zone=2
2026-04-14 22:58:44 [INFO    ] IVS.relay.Main – Relay 2 COOLDOWN cam=2 zone=2
2026-04-14 22:58:54 [INFO    ] IVS.relay.Main – Relay 2 OK cam=2 zone=2
2026-04-14 22:58:56 [INFO    ] IVS.relay.Main – Relay 2 OK cam=2 zone=2
2026-04-14 22:59:17 [INFO    ] IVS.relay.Main – Relay 2 OK cam=2 zone=2
2026-04-14 22:59:17 [INFO    ] IVS.relay.Main – Relay 2 COOLDOWN cam=2 zone=2
2026-04-14 22:59:18 [INFO    ] IVS.relay.Main – Relay 2 OK cam=2 zone=2
2026-04-14 22:59:18 [INFO    ] IVS.relay.Main – Relay 2 COOLDOWN cam=2 zone=2
2026-04-14 22:59:18 [INFO    ] IVS.relay.Main – Relay 2 COOLDOWN cam=2 zone=2
2026-04-14 22:59:19 [INFO    ] IVS.relay.Main – Relay 2 COOLDOWN cam=2 zone=2
2026-04-14 22:59:19 [INFO    ] IVS.relay.Main – Relay 2 OK cam=2 zone=2
2026-04-14 22:59:20 [INFO    ] IVS.relay.Main – Relay 2 COOLDOWN cam=2 zone=2
2026-04-14 22:59:20 [INFO    ] IVS.relay.Main – Relay 2 OK cam=2 zone=2
2026-04-14 22:59:49 [INFO    ] IVS.relay.Main – Relay 2 OK cam=2 zone=2
2026-04-14 23:00:03 [INFO    ] IVS.relay.Main – Relay 2 OK cam=2 zone=2
2026-04-14 23:00:03 [INFO    ] IVS.relay.Main – Relay 2 COOLDOWN cam=2 zone=2
2026-04-14 23:00:04 [INFO    ] IVS.relay.Main – Relay 2 OK cam=2 zone=2
2026-04-14 23:02:27 [INFO    ] IVS.relay.Main – Relay 2 OK cam=2 zone=2
2026-04-14 23:02:28 [INFO    ] IVS.relay.Main – Relay 2 OK cam=2 zone=2
2026-04-14 23:02:29 [INFO    ] IVS.relay.Main – Relay 2 COOLDOWN cam=2 zone=2
2026-04-14 23:02:36 [INFO    ] IVS.relay.Main – Relay 2 OK cam=2 zone=2
2026-04-14 23:03:35 [INFO    ] IVS.relay.Main – Relay 1 OK cam=1 zone=1
2026-04-14 23:03:36 [INFO    ] IVS.relay.Main – Relay 1 OK cam=1 zone=1
2026-04-14 23:03:37 [INFO    ] IVS.relay.Main – Relay 1 OK cam=1 zone=1
2026-04-14 23:03:38 [INFO    ] IVS.relay.Main – Relay 1 COOLDOWN cam=1 zone=1
2026-04-14 23:03:39 [INFO    ] IVS.relay.Main – Relay 1 OK cam=1 zone=1
2026-04-14 23:03:39 [INFO    ] IVS.relay.Main – Relay 1 COOLDOWN cam=1 zone=1
2026-04-14 23:03:39 [INFO    ] IVS.relay.Main – Relay 1 COOLDOWN cam=1 zone=1
2026-04-14 23:03:40 [INFO    ] IVS.relay.Main – Relay 1 OK cam=1 zone=1
2026-04-14 23:03:41 [INFO    ] IVS.relay.Main – Relay 1 COOLDOWN cam=1 zone=1
2026-04-14 23:03:53 [INFO    ] IVS.relay.Main – Relay 1 OK cam=1 zone=1
2026-04-14 23:03:54 [INFO    ] IVS.relay.Main – Relay 1 COOLDOWN cam=1 zone=1
2026-04-14 23:03:56 [INFO    ] IVS.relay.Main – Relay 1 OK cam=1 zone=1
2026-04-14 23:03:56 [INFO    ] IVS.relay.Main – Relay 1 COOLDOWN cam=1 zone=1
2026-04-14 23:03:57 [INFO    ] IVS.relay.Main – Relay 1 OK cam=1 zone=1
2026-04-14 23:03:57 [INFO    ] IVS.relay.Main – Relay 1 COOLDOWN cam=1 zone=1
2026-04-14 23:03:58 [INFO    ] IVS.relay.Main – Relay 1 COOLDOWN cam=1 zone=1
2026-04-14 23:03:58 [INFO    ] IVS.relay.Main – Relay 1 COOLDOWN cam=1 zone=1
2026-04-14 23:03:58 [INFO    ] IVS.relay.Main – Relay 1 COOLDOWN cam=1 zone=1
2026-04-14 23:03:58 [INFO    ] IVS.relay.Main – Relay 1 COOLDOWN cam=1 zone=1
2026-04-14 23:03:59 [INFO    ] IVS.relay.Main – Relay 1 OK cam=1 zone=1
2026-04-14 23:04:01 [INFO    ] IVS.relay.Main – Relay 1 OK cam=1 zone=1
2026-04-14 23:04:01 [INFO    ] IVS.relay.Main – Relay 1 COOLDOWN cam=1 zone=1
2026-04-14 23:04:05 [INFO    ] IVS.relay.Main – Relay 1 OK cam=1 zone=1
2026-04-14 23:04:05 [INFO    ] IVS.relay.Main – Relay 1 COOLDOWN cam=1 zone=1
2026-04-14 23:04:05 [INFO    ] IVS.relay.Main – Relay 1 COOLDOWN cam=1 zone=1
2026-04-14 23:04:05 [INFO    ] IVS.relay.Main – Relay 1 COOLDOWN cam=1 zone=1
2026-04-14 23:04:05 [INFO    ] IVS.relay.Main – Relay 1 COOLDOWN cam=1 zone=1
2026-04-14 23:04:06 [INFO    ] IVS.relay.Main – Relay 1 OK cam=1 zone=1
2026-04-14 23:04:21 [INFO    ] IVS.relay.Main – Relay 1 OK cam=1 zone=1
2026-04-14 23:04:22 [INFO    ] IVS.relay.Main – Relay 1 COOLDOWN cam=1 zone=1
2026-04-14 23:04:22 [INFO    ] IVS.relay.Main – Relay 1 COOLDOWN cam=1 zone=1
2026-04-14 23:04:25 [INFO    ] IVS.relay.Main – Relay 1 OK cam=1 zone=1
2026-04-14 23:04:25 [INFO    ] IVS.relay.Main – Relay 1 COOLDOWN cam=1 zone=1
2026-04-14 23:04:25 [INFO    ] IVS.relay.Main – Relay 1 COOLDOWN cam=1 zone=1
2026-04-14 23:04:26 [INFO    ] IVS.relay.Main – Relay 1 OK cam=1 zone=1
2026-04-14 23:04:26 [INFO    ] IVS.relay.Main – Relay 1 COOLDOWN cam=1 zone=1
2026-04-14 23:05:08 [INFO    ] IVS.relay.Main – Relay 1 OK cam=1 zone=1
2026-04-14 23:05:09 [INFO    ] IVS.relay.Main – Relay 1 OK cam=1 zone=1
2026-04-14 23:05:11 [INFO    ] IVS.relay.Main – Relay 1 OK cam=1 zone=1
2026-04-14 23:05:39 [INFO    ] IVS.relay.Main – Relay 1 OK cam=1 zone=1
2026-04-14 23:05:41 [INFO    ] IVS.relay.Main – Relay 1 OK cam=1 zone=1
2026-04-14 23:06:52 [INFO    ] IVS.relay.Main – Relay 1 OK cam=1 zone=1
2026-04-14 23:06:53 [INFO    ] IVS.relay.Main – Relay 1 OK cam=1 zone=1
2026-04-14 23:07:30 [INFO    ] IVS.relay.Main – Relay 1 OK cam=1 zone=1
2026-04-14 23:07:31 [INFO    ] IVS.relay.Main – Relay 2 OK cam=2 zone=2
2026-04-14 23:07:53 [INFO    ] IVS.relay.Main – Relay 1 OK cam=1 zone=1
2026-04-14 23:07:54 [INFO    ] IVS.relay.Main – Relay 1 COOLDOWN cam=1 zone=1
2026-04-14 23:10:06 [INFO    ] IVS.relay.Main – Relay process exiting
2026-04-15 12:55:23 [INFO    ] IVS.relay.Main – Relay process started  PID=7204
2026-04-15 12:55:23 [INFO    ] IVS.relay.Main – USB HID relay hardware initialised
2026-04-15 12:57:20 [INFO    ] IVS.relay.Main – Relay process exiting
2026-04-15 12:57:42 [INFO    ] IVS.relay.Main – Relay process started  PID=4528
2026-04-15 12:57:42 [INFO    ] IVS.relay.Main – USB HID relay hardware initialised
2026-04-15 12:58:38 [INFO    ] IVS.relay.Main – Relay process exiting
2026-04-15 12:58:52 [INFO    ] IVS.relay.Main – Relay process started  PID=9068
2026-04-15 12:58:52 [INFO    ] IVS.relay.Main – USB HID relay hardware initialised
2026-04-15 12:59:40 [INFO    ] IVS.relay.Main – Relay process exiting
2026-04-15 13:05:06 [INFO    ] IVS.relay.Main – Relay process started  PID=9192
2026-04-15 13:05:06 [INFO    ] IVS.relay.Main – USB HID relay hardware initialised
2026-04-15 13:06:26 [INFO    ] IVS.relay.Main – Reloading settings
2026-04-15 13:06:26 [INFO    ] IVS.relay.ConfigLoader – Settings loaded from app_settings.json
2026-04-15 13:06:26 [INFO    ] IVS.relay.Main – Relay updated: cooldown=1.0s duration=1.0s
2026-04-15 13:06:44 [INFO    ] IVS.relay.Main – Relay process exiting
2026-04-15 13:08:19 [INFO    ] IVS.relay.Main – Relay process started  PID=12940
2026-04-15 13:08:19 [INFO    ] IVS.relay.Main – USB HID relay hardware initialised
2026-04-15 13:08:51 [INFO    ] IVS.relay.Main – Relay process exiting
2026-04-15 13:10:05 [INFO    ] IVS.relay.Main – Relay process started  PID=6900
2026-04-15 13:10:05 [INFO    ] IVS.relay.Main – USB HID relay hardware initialised
2026-04-15 13:10:17 [INFO    ] IVS.relay.Main – Relay 2 COOLDOWN cam=2 zone=2
2026-04-15 13:10:28 [INFO    ] IVS.relay.Main – Relay 2 COOLDOWN cam=2 zone=2
2026-04-15 13:10:51 [INFO    ] IVS.relay.Main – Relay 2 COOLDOWN cam=2 zone=2
2026-04-15 13:10:56 [INFO    ] IVS.relay.Main – Relay 2 COOLDOWN cam=2 zone=2
2026-04-15 13:10:56 [INFO    ] IVS.relay.Main – Relay 2 COOLDOWN cam=2 zone=2
2026-04-15 13:10:59 [INFO    ] IVS.relay.Main – Relay 2 COOLDOWN cam=2 zone=2
2026-04-15 13:11:02 [INFO    ] IVS.relay.Main – Relay 2 COOLDOWN cam=2 zone=2
2026-04-15 13:11:02 [INFO    ] IVS.relay.Main – Relay 2 COOLDOWN cam=2 zone=2
2026-04-15 13:11:09 [INFO    ] IVS.relay.Main – Relay 1 COOLDOWN cam=1 zone=1
2026-04-15 13:11:30 [INFO    ] IVS.relay.Main – Relay 2 COOLDOWN cam=2 zone=2
2026-04-15 13:11:35 [INFO    ] IVS.relay.Main – Relay 2 COOLDOWN cam=2 zone=2
2026-04-15 13:11:39 [INFO    ] IVS.relay.Main – Relay 2 COOLDOWN cam=2 zone=2
2026-04-15 13:11:41 [INFO    ] IVS.relay.Main – Relay 2 COOLDOWN cam=2 zone=2
2026-04-15 13:11:46 [INFO    ] IVS.relay.Main – Relay 2 COOLDOWN cam=2 zone=2
2026-04-15 13:22:02 [INFO    ] IVS.relay.Main – Reloading settings
2026-04-15 13:22:02 [INFO    ] IVS.relay.ConfigLoader – Settings loaded from app_settings.json
2026-04-15 13:22:02 [INFO    ] IVS.relay.Main – Relay updated: cooldown=1.0s duration=1.0s
2026-04-15 13:22:29 [INFO    ] IVS.relay.Main – Reloading settings
2026-04-15 13:22:29 [INFO    ] IVS.relay.ConfigLoader – Settings loaded from app_settings.json
2026-04-15 13:22:29 [INFO    ] IVS.relay.Main – Relay updated: cooldown=1.0s duration=1.0s
2026-04-15 13:22:40 [INFO    ] IVS.relay.Main – Relay 1 COOLDOWN cam=1 zone=1
2026-04-15 13:24:11 [INFO    ] IVS.relay.Main – Relay 2 COOLDOWN cam=2 zone=2
2026-04-15 13:26:50 [INFO    ] IVS.relay.Main – Relay 2 COOLDOWN cam=2 zone=2
2026-04-15 13:26:57 [INFO    ] IVS.relay.Main – Relay 2 COOLDOWN cam=2 zone=2
2026-04-15 13:28:39 [INFO    ] IVS.relay.Main – Relay process exiting
2026-04-15 13:28:53 [INFO    ] IVS.relay.Main – Relay process started  PID=4444
2026-04-15 13:28:53 [INFO    ] IVS.relay.Main – USB HID relay hardware initialised
2026-04-15 13:29:02 [INFO    ] IVS.relay.Main – Relay 2 COOLDOWN cam=2 zone=2
2026-04-15 13:29:04 [INFO    ] IVS.relay.Main – Relay 2 COOLDOWN cam=2 zone=2
2026-04-15 13:29:06 [INFO    ] IVS.relay.Main – Relay 2 COOLDOWN cam=2 zone=2
2026-04-15 13:29:09 [INFO    ] IVS.relay.Main – Relay 2 COOLDOWN cam=2 zone=2
2026-04-15 13:29:11 [INFO    ] IVS.relay.Main – Relay 2 COOLDOWN cam=2 zone=2
2026-04-15 13:29:12 [INFO    ] IVS.relay.Main – Relay 2 COOLDOWN cam=2 zone=2
2026-04-15 13:29:15 [INFO    ] IVS.relay.Main – Relay 2 COOLDOWN cam=2 zone=2
2026-04-15 13:29:17 [INFO    ] IVS.relay.Main – Relay 2 COOLDOWN cam=2 zone=2
2026-04-15 13:29:18 [INFO    ] IVS.relay.Main – Relay 2 COOLDOWN cam=2 zone=2
2026-04-15 13:55:53 [INFO    ] IVS.relay.Main – Relay process started  PID=10292
2026-04-15 13:55:53 [INFO    ] IVS.relay.Main – USB HID relay hardware initialised
2026-04-15 13:55:57 [INFO    ] IVS.relay.Main – Relay 1 OK cam=1 zone=1
2026-04-15 13:55:57 [INFO    ] IVS.relay.Main – Relay 2 OK cam=2 zone=2
2026-04-15 13:55:57 [INFO    ] IVS.relay.Main – Relay 1 COOLDOWN cam=1 zone=1
2026-04-15 13:55:58 [INFO    ] IVS.relay.Main – Relay 1 OK cam=1 zone=1
2026-04-15 13:55:59 [INFO    ] IVS.relay.Main – Relay 1 COOLDOWN cam=1 zone=1
2026-04-15 13:55:59 [INFO    ] IVS.relay.Main – Relay 1 OK cam=1 zone=1
2026-04-15 13:56:00 [INFO    ] IVS.relay.Main – Relay 1 COOLDOWN cam=1 zone=1
2026-04-15 13:56:01 [INFO    ] IVS.relay.Main – Relay 1 OK cam=1 zone=1
2026-04-15 13:56:01 [INFO    ] IVS.relay.Main – Relay 1 COOLDOWN cam=1 zone=1
2026-04-15 13:56:07 [INFO    ] IVS.relay.Main – Relay 1 OK cam=1 zone=1
2026-04-15 13:56:08 [INFO    ] IVS.relay.Main – Relay 1 COOLDOWN cam=1 zone=1
2026-04-15 13:56:10 [INFO    ] IVS.relay.Main – Relay 1 OK cam=1 zone=1
2026-04-15 13:56:13 [INFO    ] IVS.relay.Main – Relay 1 OK cam=1 zone=1
2026-04-15 13:56:13 [INFO    ] IVS.relay.Main – Relay 1 COOLDOWN cam=1 zone=1
2026-04-15 13:56:14 [INFO    ] IVS.relay.Main – Relay 1 COOLDOWN cam=1 zone=1
2026-04-15 13:56:14 [INFO    ] IVS.relay.Main – Relay 1 OK cam=1 zone=1
2026-04-15 13:56:15 [INFO    ] IVS.relay.Main – Relay 1 COOLDOWN cam=1 zone=1
2026-04-15 13:56:16 [INFO    ] IVS.relay.Main – Relay 1 OK cam=1 zone=1
2026-04-15 13:56:17 [INFO    ] IVS.relay.Main – Relay 1 OK cam=1 zone=1
2026-04-15 13:56:19 [INFO    ] IVS.relay.Main – Relay 1 OK cam=1 zone=1
2026-04-15 13:56:20 [INFO    ] IVS.relay.Main – Relay 1 OK cam=1 zone=1
2026-04-15 13:56:20 [INFO    ] IVS.relay.Main – Relay 1 COOLDOWN cam=1 zone=1
2026-04-15 13:56:21 [INFO    ] IVS.relay.Main – Relay 1 OK cam=1 zone=1
2026-04-15 13:56:22 [INFO    ] IVS.relay.Main – Relay 1 COOLDOWN cam=1 zone=1
2026-04-15 13:56:24 [INFO    ] IVS.relay.Main – Relay 1 OK cam=1 zone=1
2026-04-15 13:56:24 [INFO    ] IVS.relay.Main – Relay 1 COOLDOWN cam=1 zone=1
2026-04-15 13:56:25 [INFO    ] IVS.relay.Main – Relay 1 OK cam=1 zone=1
2026-04-15 13:56:25 [INFO    ] IVS.relay.Main – Relay 1 COOLDOWN cam=1 zone=1
2026-04-15 13:56:28 [INFO    ] IVS.relay.Main – Relay 1 OK cam=1 zone=1
2026-04-15 13:56:31 [INFO    ] IVS.relay.Main – Relay 2 OK cam=2 zone=2
2026-04-15 13:56:33 [INFO    ] IVS.relay.Main – Relay 2 OK cam=2 zone=2
2026-04-15 13:56:33 [INFO    ] IVS.relay.Main – Relay 2 COOLDOWN cam=2 zone=2
2026-04-15 13:56:37 [INFO    ] IVS.relay.Main – Relay 2 OK cam=2 zone=2
2026-04-15 13:57:48 [INFO    ] IVS.relay.Main – Relay 1 OK cam=1 zone=1
2026-04-15 13:57:49 [INFO    ] IVS.relay.Main – Relay 1 COOLDOWN cam=1 zone=1
2026-04-15 13:58:54 [INFO    ] IVS.relay.Main – Relay 1 OK cam=1 zone=1
2026-04-15 13:58:54 [INFO    ] IVS.relay.Main – Relay 1 COOLDOWN cam=1 zone=1
2026-04-15 13:58:56 [INFO    ] IVS.relay.Main – Relay 1 OK cam=1 zone=1
2026-04-15 13:58:57 [INFO    ] IVS.relay.Main – Relay 1 OK cam=1 zone=1
2026-04-15 13:58:57 [INFO    ] IVS.relay.Main – Relay 1 COOLDOWN cam=1 zone=1
2026-04-15 13:58:58 [INFO    ] IVS.relay.Main – Relay 1 COOLDOWN cam=1 zone=1
2026-04-15 13:59:00 [INFO    ] IVS.relay.Main – Relay 1 OK cam=1 zone=1
2026-04-15 13:59:04 [INFO    ] IVS.relay.Main – Relay 1 OK cam=1 zone=1
2026-04-15 13:59:05 [INFO    ] IVS.relay.Main – Relay 1 OK cam=1 zone=1
2026-04-15 13:59:09 [INFO    ] IVS.relay.Main – Relay 1 OK cam=1 zone=1
2026-04-15 13:59:10 [INFO    ] IVS.relay.Main – Relay 1 COOLDOWN cam=1 zone=1
2026-04-15 13:59:10 [INFO    ] IVS.relay.Main – Relay 1 OK cam=1 zone=1
2026-04-15 13:59:21 [INFO    ] IVS.relay.Main – Relay 1 OK cam=1 zone=1
2026-04-15 13:59:22 [INFO    ] IVS.relay.Main – Relay 1 COOLDOWN cam=1 zone=1
2026-04-15 13:59:24 [INFO    ] IVS.relay.Main – Relay 1 OK cam=1 zone=1
2026-04-15 13:59:24 [INFO    ] IVS.relay.Main – Relay 1 COOLDOWN cam=1 zone=1
2026-04-15 13:59:25 [INFO    ] IVS.relay.Main – Relay 1 COOLDOWN cam=1 zone=1
2026-04-15 13:59:26 [INFO    ] IVS.relay.Main – Relay 1 OK cam=1 zone=1
2026-04-15 13:59:38 [INFO    ] IVS.relay.Main – Relay 1 OK cam=1 zone=1
2026-04-15 13:59:39 [INFO    ] IVS.relay.Main – Relay 1 COOLDOWN cam=1 zone=1
2026-04-15 13:59:41 [INFO    ] IVS.relay.Main – Relay 1 OK cam=1 zone=1
2026-04-15 13:59:41 [INFO    ] IVS.relay.Main – Relay 1 COOLDOWN cam=1 zone=1
2026-04-15 13:59:43 [INFO    ] IVS.relay.Main – Relay 1 OK cam=1 zone=1
2026-04-15 13:59:43 [INFO    ] IVS.relay.Main – Relay 1 COOLDOWN cam=1 zone=1
2026-04-15 13:59:44 [INFO    ] IVS.relay.Main – Relay 1 OK cam=1 zone=1
2026-04-15 13:59:45 [INFO    ] IVS.relay.Main – Relay 1 COOLDOWN cam=1 zone=1
2026-04-15 13:59:45 [INFO    ] IVS.relay.Main – Relay 1 OK cam=1 zone=1
2026-04-15 13:59:46 [INFO    ] IVS.relay.Main – Relay 1 COOLDOWN cam=1 zone=1
2026-04-15 13:59:47 [INFO    ] IVS.relay.Main – Relay 1 OK cam=1 zone=1
2026-04-15 13:59:48 [INFO    ] IVS.relay.Main – Relay 1 OK cam=1 zone=1
2026-04-15 13:59:55 [INFO    ] IVS.relay.Main – Relay 1 OK cam=1 zone=1
2026-04-15 14:03:27 [INFO    ] IVS.relay.Main – Relay 1 OK cam=1 zone=1
2026-04-15 14:03:36 [INFO    ] IVS.relay.Main – Relay 1 OK cam=1 zone=1
2026-04-15 14:04:08 [INFO    ] IVS.relay.Main – Relay 1 OK cam=1 zone=1
2026-04-15 14:07:29 [INFO    ] IVS.relay.Main – Relay 2 OK cam=2 zone=2
2026-04-15 14:07:31 [INFO    ] IVS.relay.Main – Relay 2 OK cam=2 zone=2
2026-04-15 14:10:47 [INFO    ] IVS.relay.Main – Relay 1 OK cam=1 zone=1
2026-04-15 14:10:50 [INFO    ] IVS.relay.Main – Relay 1 OK cam=1 zone=1
2026-04-15 14:10:51 [INFO    ] IVS.relay.Main – Relay 1 COOLDOWN cam=1 zone=1
2026-04-15 14:10:52 [INFO    ] IVS.relay.Main – Relay 1 OK cam=1 zone=1
2026-04-15 14:10:52 [INFO    ] IVS.relay.Main – Relay 1 COOLDOWN cam=1 zone=1
2026-04-15 14:10:52 [INFO    ] IVS.relay.Main – Relay 1 COOLDOWN cam=1 zone=1
2026-04-15 14:10:55 [INFO    ] IVS.relay.Main – Relay 1 OK cam=1 zone=1
2026-04-15 14:10:55 [INFO    ] IVS.relay.Main – Relay 1 COOLDOWN cam=1 zone=1
2026-04-15 14:10:56 [INFO    ] IVS.relay.Main – Relay 1 COOLDOWN cam=1 zone=1
2026-04-15 14:10:57 [INFO    ] IVS.relay.Main – Relay 1 OK cam=1 zone=1
2026-04-15 14:10:58 [INFO    ] IVS.relay.Main – Relay 1 OK cam=1 zone=1
2026-04-15 14:11:05 [INFO    ] IVS.relay.Main – Relay 1 OK cam=1 zone=1
2026-04-15 14:11:05 [INFO    ] IVS.relay.Main – Relay 1 COOLDOWN cam=1 zone=1
2026-04-15 14:11:06 [INFO    ] IVS.relay.Main – Relay 1 COOLDOWN cam=1 zone=1
2026-04-15 14:11:09 [INFO    ] IVS.relay.Main – Relay 1 OK cam=1 zone=1
2026-04-15 14:11:11 [INFO    ] IVS.relay.Main – Relay 1 OK cam=1 zone=1
2026-04-15 14:11:11 [INFO    ] IVS.relay.Main – Relay 1 COOLDOWN cam=1 zone=1
2026-04-15 14:11:11 [INFO    ] IVS.relay.Main – Relay 1 COOLDOWN cam=1 zone=1
2026-04-15 14:11:13 [INFO    ] IVS.relay.Main – Relay 1 OK cam=1 zone=1
2026-04-15 14:11:13 [INFO    ] IVS.relay.Main – Relay 1 COOLDOWN cam=1 zone=1
2026-04-15 14:11:27 [INFO    ] IVS.relay.Main – Relay 1 OK cam=1 zone=1
2026-04-15 14:11:28 [INFO    ] IVS.relay.Main – Relay 1 OK cam=1 zone=1
2026-04-15 14:11:29 [INFO    ] IVS.relay.Main – Relay 1 COOLDOWN cam=1 zone=1
2026-04-15 14:11:29 [INFO    ] IVS.relay.Main – Relay 1 COOLDOWN cam=1 zone=1
2026-04-15 14:11:30 [INFO    ] IVS.relay.Main – Relay 1 OK cam=1 zone=1
2026-04-15 14:11:35 [INFO    ] IVS.relay.Main – Relay 1 OK cam=1 zone=1
2026-04-15 14:12:53 [INFO    ] IVS.relay.Main – Relay 1 OK cam=1 zone=1
2026-04-15 14:12:54 [INFO    ] IVS.relay.Main – Relay 1 COOLDOWN cam=1 zone=1
2026-04-15 14:12:54 [INFO    ] IVS.relay.Main – Relay 1 COOLDOWN cam=1 zone=1
2026-04-15 14:17:31 [INFO    ] IVS.relay.Main – Relay 2 OK cam=2 zone=2
2026-04-15 14:17:35 [INFO    ] IVS.relay.Main – Relay 1 OK cam=1 zone=1
2026-04-15 14:17:35 [INFO    ] IVS.relay.Main – Relay 2 OK cam=2 zone=2
2026-04-15 14:18:41 [INFO    ] IVS.relay.Main – Reloading settings
2026-04-15 14:18:41 [INFO    ] IVS.relay.ConfigLoader – Settings loaded from app_settings.json
2026-04-15 14:18:41 [INFO    ] IVS.relay.Main – Relay updated: cooldown=1.0s duration=1.0s
2026-04-15 14:18:47 [INFO    ] IVS.relay.Main – Reloading settings
2026-04-15 14:18:47 [INFO    ] IVS.relay.ConfigLoader – Settings loaded from app_settings.json
2026-04-15 14:18:47 [INFO    ] IVS.relay.Main – Relay updated: cooldown=1.0s duration=1.0s
2026-04-15 14:19:20 [INFO    ] IVS.relay.Main – Relay process exiting
2026-04-15 14:23:16 [INFO    ] IVS.relay.Main – Relay process started  PID=5476
2026-04-15 14:23:16 [INFO    ] IVS.relay.Main – USB HID relay hardware initialised
2026-04-15 14:23:28 [INFO    ] IVS.relay.Main – Relay 8 OK cam=2 zone=2
2026-04-15 14:23:32 [INFO    ] IVS.relay.Main – Relay 8 OK cam=2 zone=2
2026-04-15 14:23:32 [INFO    ] IVS.relay.Main – Relay 8 COOLDOWN cam=2 zone=2
2026-04-15 14:23:36 [INFO    ] IVS.relay.Main – Relay 7 OK cam=1 zone=1
2026-04-15 14:23:44 [INFO    ] IVS.relay.Main – Relay 7 OK cam=1 zone=1
2026-04-15 14:23:46 [INFO    ] IVS.relay.Main – Relay 7 OK cam=1 zone=1
2026-04-15 14:23:56 [INFO    ] IVS.relay.Main – Relay 7 OK cam=1 zone=1
2026-04-15 14:23:57 [INFO    ] IVS.relay.Main – Relay 7 OK cam=1 zone=1
2026-04-15 14:24:00 [INFO    ] IVS.relay.Main – Relay 7 OK cam=1 zone=1
2026-04-15 14:24:07 [INFO    ] IVS.relay.Main – Relay 7 OK cam=1 zone=1
2026-04-15 14:24:10 [INFO    ] IVS.relay.Main – Relay 7 OK cam=1 zone=1
2026-04-15 14:24:17 [INFO    ] IVS.relay.Main – Relay 7 OK cam=1 zone=1
2026-04-15 14:24:18 [INFO    ] IVS.relay.Main – Relay 7 COOLDOWN cam=1 zone=1
2026-04-15 14:24:23 [INFO    ] IVS.relay.Main – Relay 7 OK cam=1 zone=1
2026-04-15 14:24:23 [INFO    ] IVS.relay.Main – Relay 7 COOLDOWN cam=1 zone=1
2026-04-15 14:24:23 [INFO    ] IVS.relay.Main – Relay 7 COOLDOWN cam=1 zone=1
2026-04-15 14:24:24 [INFO    ] IVS.relay.Main – Relay 7 OK cam=1 zone=1
2026-04-15 14:24:27 [INFO    ] IVS.relay.Main – Relay 7 OK cam=1 zone=1
2026-04-15 14:24:27 [INFO    ] IVS.relay.Main – Relay 7 COOLDOWN cam=1 zone=1
2026-04-15 14:24:40 [INFO    ] IVS.relay.Main – Relay 8 OK cam=2 zone=2
2026-04-15 14:24:56 [INFO    ] IVS.relay.Main – Relay 8 OK cam=2 zone=2
2026-04-15 14:24:56 [INFO    ] IVS.relay.Main – Relay 8 COOLDOWN cam=2 zone=2
2026-04-15 14:25:05 [INFO    ] IVS.relay.Main – Relay process exiting
2026-04-15 14:25:59 [INFO    ] IVS.relay.Main – Relay process started  PID=9916
2026-04-15 14:25:59 [INFO    ] IVS.relay.Main – USB HID relay hardware initialised
2026-04-15 14:26:43 [INFO    ] IVS.relay.Main – Relay 6 OK cam=2 zone=2
2026-04-15 14:26:44 [INFO    ] IVS.relay.Main – Relay 6 COOLDOWN cam=2 zone=2
2026-04-15 14:26:45 [INFO    ] IVS.relay.Main – Relay 6 OK cam=2 zone=2
2026-04-15 14:26:48 [INFO    ] IVS.relay.Main – Relay 6 OK cam=2 zone=2
2026-04-15 14:26:49 [INFO    ] IVS.relay.Main – Relay 6 COOLDOWN cam=2 zone=2
2026-04-15 14:26:49 [INFO    ] IVS.relay.Main – Relay 6 OK cam=2 zone=2
2026-04-15 14:26:59 [INFO    ] IVS.relay.Main – Relay 7 OK cam=1 zone=1
2026-04-15 14:27:07 [INFO    ] IVS.relay.Main – Relay 7 OK cam=1 zone=1
2026-04-15 14:27:07 [INFO    ] IVS.relay.Main – Relay 7 COOLDOWN cam=1 zone=1
2026-04-15 14:27:14 [INFO    ] IVS.relay.Main – Relay 7 OK cam=1 zone=1
2026-04-15 14:27:25 [INFO    ] IVS.relay.Main – Relay process exiting
2026-04-15 14:27:39 [INFO    ] IVS.relay.Main – Relay process started  PID=8048
2026-04-15 14:27:39 [INFO    ] IVS.relay.Main – USB HID relay hardware initialised
2026-04-15 14:27:45 [INFO    ] IVS.relay.Main – Relay 7 OK cam=1 zone=1
2026-04-15 14:27:46 [INFO    ] IVS.relay.Main – Relay 7 COOLDOWN cam=1 zone=1
2026-04-15 14:27:55 [INFO    ] IVS.relay.Main – Relay 8 OK cam=2 zone=2
2026-04-15 14:27:58 [INFO    ] IVS.relay.Main – Relay 8 OK cam=2 zone=2
2026-04-15 14:28:43 [INFO    ] IVS.relay.Main – Relay 7 OK cam=1 zone=1
2026-04-15 14:28:43 [INFO    ] IVS.relay.Main – Relay 7 COOLDOWN cam=1 zone=1
2026-04-15 14:28:43 [INFO    ] IVS.relay.Main – Relay 7 COOLDOWN cam=1 zone=1
2026-04-15 14:28:45 [INFO    ] IVS.relay.Main – Relay 7 OK cam=1 zone=1
2026-04-15 14:28:46 [INFO    ] IVS.relay.Main – Relay 7 COOLDOWN cam=1 zone=1
2026-04-15 14:28:47 [INFO    ] IVS.relay.Main – Relay 7 OK cam=1 zone=1
2026-04-15 14:28:51 [INFO    ] IVS.relay.Main – Relay 7 OK cam=1 zone=1
2026-04-15 14:31:14 [INFO    ] IVS.relay.Main – Relay 7 OK cam=1 zone=1
2026-04-15 14:31:23 [INFO    ] IVS.relay.Main – Relay 7 OK cam=1 zone=1
2026-04-15 14:31:23 [INFO    ] IVS.relay.Main – Relay 7 COOLDOWN cam=1 zone=1
2026-04-15 14:31:24 [INFO    ] IVS.relay.Main – Relay 7 COOLDOWN cam=1 zone=1
2026-04-15 14:32:29 [INFO    ] IVS.relay.Main – Relay process exiting
2026-04-15 14:58:21 [INFO    ] IVS.relay.Main – Relay process started  PID=8764
2026-04-15 14:58:21 [INFO    ] IVS.relay.Main – USB HID relay hardware initialised
2026-04-15 14:59:28 [INFO    ] IVS.relay.Main – Relay 7 OK cam=1 zone=1
2026-04-15 14:59:28 [INFO    ] IVS.relay.Main – Relay 7 COOLDOWN cam=1 zone=1
2026-04-15 14:59:29 [INFO    ] IVS.relay.Main – Relay 7 COOLDOWN cam=1 zone=1
2026-04-15 14:59:31 [INFO    ] IVS.relay.Main – Relay 7 OK cam=1 zone=1
2026-04-15 14:59:32 [INFO    ] IVS.relay.Main – Relay 7 COOLDOWN cam=1 zone=1
2026-04-15 14:59:32 [INFO    ] IVS.relay.Main – Relay 7 OK cam=1 zone=1
2026-04-15 14:59:32 [INFO    ] IVS.relay.Main – Relay 7 COOLDOWN cam=1 zone=1
2026-04-15 14:59:41 [INFO    ] IVS.relay.Main – Relay 7 OK cam=1 zone=1
2026-04-15 14:59:42 [INFO    ] IVS.relay.Main – Relay 7 COOLDOWN cam=1 zone=1
2026-04-15 14:59:42 [INFO    ] IVS.relay.Main – Relay 7 OK cam=1 zone=1
2026-04-15 14:59:44 [INFO    ] IVS.relay.Main – Relay 7 OK cam=1 zone=1
2026-04-15 14:59:45 [INFO    ] IVS.relay.Main – Relay 7 COOLDOWN cam=1 zone=1
2026-04-15 14:59:45 [INFO    ] IVS.relay.Main – Relay 7 OK cam=1 zone=1
2026-04-15 14:59:48 [INFO    ] IVS.relay.Main – Relay 7 OK cam=1 zone=1
2026-04-15 14:59:48 [INFO    ] IVS.relay.Main – Relay 7 COOLDOWN cam=1 zone=1
2026-04-15 14:59:49 [INFO    ] IVS.relay.Main – Relay 7 OK cam=1 zone=1
2026-04-15 14:59:52 [INFO    ] IVS.relay.Main – Relay 7 OK cam=1 zone=1
2026-04-15 14:59:56 [INFO    ] IVS.relay.Main – Relay 7 OK cam=1 zone=1
2026-04-15 15:00:01 [INFO    ] IVS.relay.Main – Relay 7 OK cam=1 zone=1
2026-04-15 15:03:04 [INFO    ] IVS.relay.Main – Relay process exiting
2026-04-15 15:03:14 [INFO    ] IVS.relay.Main – Relay process started  PID=3384
2026-04-15 15:03:14 [INFO    ] IVS.relay.Main – USB HID relay hardware initialised
2026-04-15 15:05:02 [INFO    ] IVS.relay.Main – Relay process exiting
2026-04-15 15:10:04 [INFO    ] IVS.relay.Main – Relay process started  PID=11620
2026-04-15 15:10:04 [INFO    ] IVS.relay.Main – USB HID relay hardware initialised
2026-04-15 15:14:16 [INFO    ] IVS.relay.Main – Relay 8 OK cam=2 zone=2
2026-04-15 15:14:18 [INFO    ] IVS.relay.Main – Relay 8 OK cam=2 zone=2
2026-04-15 15:14:19 [INFO    ] IVS.relay.Main – Relay 8 OK cam=2 zone=2
2026-04-15 15:14:31 [INFO    ] IVS.relay.Main – Relay 7 OK cam=1 zone=1
2026-04-15 15:14:31 [INFO    ] IVS.relay.Main – Relay 7 COOLDOWN cam=1 zone=1
2026-04-15 15:14:33 [INFO    ] IVS.relay.Main – Relay 7 OK cam=1 zone=1
2026-04-15 15:14:33 [INFO    ] IVS.relay.Main – Relay 7 COOLDOWN cam=1 zone=1
2026-04-15 15:14:34 [INFO    ] IVS.relay.Main – Relay 7 OK cam=1 zone=1
2026-04-15 15:14:39 [INFO    ] IVS.relay.Main – Relay 7 OK cam=1 zone=1
2026-04-15 15:14:40 [INFO    ] IVS.relay.Main – Relay 7 COOLDOWN cam=1 zone=1
2026-04-15 15:14:42 [INFO    ] IVS.relay.Main – Relay 7 OK cam=1 zone=1
2026-04-15 15:14:43 [INFO    ] IVS.relay.Main – Relay 7 COOLDOWN cam=1 zone=1
2026-04-15 15:14:48 [INFO    ] IVS.relay.Main – Relay 7 OK cam=1 zone=1
2026-04-15 15:14:48 [INFO    ] IVS.relay.Main – Relay 7 COOLDOWN cam=1 zone=1
2026-04-15 15:14:48 [INFO    ] IVS.relay.Main – Relay 7 COOLDOWN cam=1 zone=1
2026-04-15 15:14:49 [INFO    ] IVS.relay.Main – Relay 7 OK cam=1 zone=1
2026-04-15 15:14:51 [INFO    ] IVS.relay.Main – Relay 7 OK cam=1 zone=1
2026-04-15 15:14:52 [INFO    ] IVS.relay.Main – Relay 7 OK cam=1 zone=1
2026-04-15 15:14:56 [INFO    ] IVS.relay.Main – Relay 7 OK cam=1 zone=1
2026-04-15 15:14:57 [INFO    ] IVS.relay.Main – Relay 7 OK cam=1 zone=1
2026-04-15 15:14:59 [INFO    ] IVS.relay.Main – Relay 7 OK cam=1 zone=1
2026-04-15 15:14:59 [INFO    ] IVS.relay.Main – Relay 7 COOLDOWN cam=1 zone=1
2026-04-15 15:15:00 [INFO    ] IVS.relay.Main – Relay 7 OK cam=1 zone=1
2026-04-15 15:15:01 [INFO    ] IVS.relay.Main – Relay 7 COOLDOWN cam=1 zone=1
2026-04-15 15:15:01 [INFO    ] IVS.relay.Main – Relay 7 OK cam=1 zone=1
2026-04-15 15:15:12 [INFO    ] IVS.relay.Main – Relay 7 OK cam=1 zone=1
2026-04-15 15:15:14 [INFO    ] IVS.relay.Main – Relay 7 OK cam=1 zone=1
2026-04-15 15:15:22 [INFO    ] IVS.relay.Main – Relay 7 OK cam=1 zone=1
2026-04-15 15:15:44 [INFO    ] IVS.relay.Main – Relay process exiting
2026-04-19 21:49:02 [INFO    ] IVS.relay.Main – Relay process started  PID=9020
2026-04-19 21:49:02 [INFO    ] IVS.relay.Main – USB HID relay hardware initialised
2026-04-19 21:49:11 [INFO    ] IVS.relay.Main – Relay 7 OK cam=1 zone=1
2026-04-19 21:49:12 [INFO    ] IVS.relay.Main – Relay 8 OK cam=2 zone=2
2026-04-19 21:49:12 [INFO    ] IVS.relay.Main – Relay 8 COOLDOWN cam=2 zone=2
2026-04-19 21:49:18 [INFO    ] IVS.relay.Main – Relay 7 OK cam=1 zone=1
2026-04-19 21:49:18 [INFO    ] IVS.relay.Main – Relay 7 COOLDOWN cam=1 zone=1
2026-04-19 21:49:21 [INFO    ] IVS.relay.Main – Relay 7 OK cam=1 zone=1
2026-04-19 21:49:28 [INFO    ] IVS.relay.Main – Relay 8 OK cam=2 zone=2
2026-04-19 21:49:47 [INFO    ] IVS.relay.Main – Relay 7 OK cam=1 zone=1
2026-04-19 21:49:50 [INFO    ] IVS.relay.Main – Relay 8 OK cam=2 zone=2
2026-04-19 21:49:50 [INFO    ] IVS.relay.Main – Relay 8 COOLDOWN cam=2 zone=2
2026-04-19 21:49:54 [INFO    ] IVS.relay.Main – Relay 7 OK cam=1 zone=1
2026-04-19 21:49:56 [INFO    ] IVS.relay.Main – Relay 8 OK cam=2 zone=2
2026-04-19 21:58:12 [INFO    ] IVS.relay.Main – Relay process exiting
2026-04-20 19:21:23 [INFO    ] IVS.relay.Main – Relay process started  PID=4040
2026-04-20 19:21:23 [INFO    ] IVS.relay.Main – USB HID relay hardware initialised
2026-04-20 19:21:43 [INFO    ] IVS.relay.Main – Relay 8 COOLDOWN cam=2 zone=2
2026-04-20 19:21:45 [INFO    ] IVS.relay.Main – Relay 8 COOLDOWN cam=2 zone=2
2026-04-20 19:21:45 [INFO    ] IVS.relay.Main – Relay 8 COOLDOWN cam=2 zone=2
2026-04-20 19:21:46 [INFO    ] IVS.relay.Main – Relay 8 COOLDOWN cam=2 zone=2
2026-04-20 19:21:46 [INFO    ] IVS.relay.Main – Relay 8 COOLDOWN cam=2 zone=2
2026-04-20 19:21:47 [INFO    ] IVS.relay.Main – Relay 8 COOLDOWN cam=2 zone=2
2026-04-20 19:21:50 [INFO    ] IVS.relay.Main – Relay 8 COOLDOWN cam=2 zone=2
2026-04-20 19:22:02 [INFO    ] IVS.relay.Main – Relay 8 COOLDOWN cam=2 zone=2
2026-04-20 19:22:06 [INFO    ] IVS.relay.Main – Relay 8 COOLDOWN cam=2 zone=2
2026-04-20 19:22:24 [INFO    ] IVS.relay.Main – Reloading settings
2026-04-20 19:22:24 [INFO    ] IVS.relay.ConfigLoader – Settings loaded from app_settings.json
2026-04-20 19:22:24 [INFO    ] IVS.relay.Main – Relay updated: cooldown=1.0s duration=1.0s
2026-04-20 19:22:42 [INFO    ] IVS.relay.Main – Relay 8 COOLDOWN cam=2 zone=2
2026-04-20 19:22:57 [INFO    ] IVS.relay.Main – Relay 8 COOLDOWN cam=2 zone=2
2026-04-20 19:25:13 [INFO    ] IVS.relay.Main – Relay 8 COOLDOWN cam=2 zone=2
2026-04-20 19:25:25 [INFO    ] IVS.relay.Main – Relay 7 COOLDOWN cam=1 zone=1
2026-04-20 19:25:26 [INFO    ] IVS.relay.Main – Relay 7 COOLDOWN cam=1 zone=1
2026-04-20 19:25:48 [INFO    ] IVS.relay.Main – Relay 7 COOLDOWN cam=1 zone=1
2026-04-20 19:25:52 [INFO    ] IVS.relay.Main – Relay process exiting
2026-04-20 19:31:12 [INFO    ] IVS.relay.Main – Relay process started  PID=1588
2026-04-20 19:31:12 [INFO    ] IVS.relay.Main – USB HID relay hardware initialised
2026-04-20 19:36:17 [INFO    ] IVS.relay.Main – Relay process exiting
2026-04-20 19:39:52 [INFO    ] IVS.relay.Main – Relay process started  PID=13108
2026-04-20 19:39:52 [INFO    ] IVS.relay.Main – USB HID relay hardware initialised
2026-04-20 19:47:57 [INFO    ] IVS.relay.Main – Relay process exiting
2026-04-20 20:47:43 [INFO    ] IVS.relay.Main – Relay process started  PID=22248
2026-04-20 20:47:43 [INFO    ] IVS.relay.Main – USB HID relay hardware initialised
2026-04-20 20:47:58 [INFO    ] IVS.relay.Main – Relay 7 COOLDOWN cam=1 zone=1
2026-04-20 20:48:00 [INFO    ] IVS.relay.Main – Relay 7 COOLDOWN cam=1 zone=1
2026-04-20 20:48:35 [INFO    ] IVS.relay.Main – Relay 8 COOLDOWN cam=2 zone=2
2026-04-20 20:48:41 [INFO    ] IVS.relay.Main – Relay 8 COOLDOWN cam=2 zone=2
2026-04-20 20:48:44 [INFO    ] IVS.relay.Main – Relay 8 COOLDOWN cam=2 zone=2
2026-04-20 20:49:03 [INFO    ] IVS.relay.Main – Relay 8 COOLDOWN cam=2 zone=2
2026-04-20 20:49:03 [INFO    ] IVS.relay.Main – Relay 8 COOLDOWN cam=2 zone=2
2026-04-20 20:49:07 [INFO    ] IVS.relay.Main – Relay 8 COOLDOWN cam=2 zone=2
2026-04-20 20:49:10 [INFO    ] IVS.relay.Main – Relay 8 COOLDOWN cam=2 zone=2
2026-04-20 20:49:10 [INFO    ] IVS.relay.Main – Relay 8 COOLDOWN cam=2 zone=2
2026-04-20 20:49:11 [INFO    ] IVS.relay.Main – Relay 8 COOLDOWN cam=2 zone=2
2026-04-20 20:49:11 [INFO    ] IVS.relay.Main – Relay 8 COOLDOWN cam=2 zone=2
2026-04-20 20:50:04 [INFO    ] IVS.relay.Main – Relay process exiting
2026-04-20 21:37:05 [INFO    ] IVS.relay.Main – Relay process started  PID=21908
2026-04-20 21:37:05 [INFO    ] IVS.relay.Main – USB HID relay hardware initialised
2026-04-20 21:37:13 [INFO    ] IVS.relay.Main – Relay process exiting
2026-04-20 21:37:36 [INFO    ] IVS.relay.Main – Relay process started  PID=18128
2026-04-20 21:37:36 [INFO    ] IVS.relay.Main – USB HID relay hardware initialised
2026-04-20 21:41:26 [INFO    ] IVS.relay.Main – Relay 8 COOLDOWN cam=2 zone=2
2026-04-20 21:41:27 [INFO    ] IVS.relay.Main – Relay 8 COOLDOWN cam=2 zone=2
2026-04-20 21:41:27 [INFO    ] IVS.relay.Main – Relay 8 COOLDOWN cam=2 zone=2
2026-04-20 21:41:28 [INFO    ] IVS.relay.Main – Relay 8 COOLDOWN cam=2 zone=2
2026-04-20 21:41:34 [INFO    ] IVS.relay.Main – Relay 8 COOLDOWN cam=2 zone=2
2026-04-20 21:41:36 [INFO    ] IVS.relay.Main – Relay 8 COOLDOWN cam=2 zone=2
2026-04-20 21:42:22 [INFO    ] IVS.relay.Main – Relay process exiting
2026-04-20 21:46:47 [INFO    ] IVS.relay.Main – Relay process started  PID=18052
2026-04-20 21:46:48 [INFO    ] IVS.relay.Main – USB HID relay hardware initialised
2026-04-20 21:46:58 [INFO    ] IVS.relay.Main – Relay process exiting
2026-04-20 21:59:30 [INFO    ] IVS.relay.Main – Relay process started  PID=21152
2026-04-20 21:59:30 [INFO    ] IVS.relay.Main – USB HID relay hardware initialised
2026-04-20 22:03:29 [INFO    ] IVS.relay.Main – Relay process exiting
2026-04-20 22:12:57 [INFO    ] IVS.relay.Main – Relay process started  PID=25100
2026-04-20 22:12:57 [INFO    ] IVS.relay.Main – USB HID relay hardware initialised
2026-04-20 22:13:10 [INFO    ] IVS.relay.Main – Relay 8 COOLDOWN cam=2 zone=2
2026-04-20 22:13:10 [INFO    ] IVS.relay.Main – Relay 8 COOLDOWN cam=2 zone=2
2026-04-20 22:13:15 [INFO    ] IVS.relay.Main – Relay 8 COOLDOWN cam=2 zone=2
2026-04-20 22:13:16 [INFO    ] IVS.relay.Main – Relay 8 COOLDOWN cam=2 zone=2
2026-04-20 22:13:17 [INFO    ] IVS.relay.Main – Relay 8 COOLDOWN cam=2 zone=2
2026-04-20 22:13:19 [INFO    ] IVS.relay.Main – Relay 8 COOLDOWN cam=2 zone=2
2026-04-20 22:13:26 [INFO    ] IVS.relay.Main – Relay 8 COOLDOWN cam=2 zone=2
2026-04-20 22:13:29 [INFO    ] IVS.relay.Main – Relay 8 COOLDOWN cam=2 zone=2
2026-04-20 22:13:32 [INFO    ] IVS.relay.Main – Relay 8 COOLDOWN cam=2 zone=2
2026-04-20 22:13:33 [INFO    ] IVS.relay.Main – Relay 8 COOLDOWN cam=2 zone=2
2026-04-20 22:13:38 [INFO    ] IVS.relay.Main – Relay 8 COOLDOWN cam=2 zone=2
2026-04-20 22:13:40 [INFO    ] IVS.relay.Main – Relay 8 COOLDOWN cam=2 zone=2
2026-04-20 22:13:49 [INFO    ] IVS.relay.Main – Relay 8 COOLDOWN cam=2 zone=2
2026-04-20 22:14:17 [INFO    ] IVS.relay.Main – Relay 8 COOLDOWN cam=2 zone=2
2026-04-20 22:14:17 [INFO    ] IVS.relay.Main – Relay 8 COOLDOWN cam=2 zone=2
2026-04-20 22:14:21 [INFO    ] IVS.relay.Main – Relay process exiting
2026-04-20 22:26:26 [INFO    ] IVS.relay.Main – Relay process started  PID=18704
2026-04-20 22:26:26 [INFO    ] IVS.relay.Main – USB HID relay hardware initialised
2026-04-20 22:26:54 [INFO    ] IVS.relay.Main – Relay 8 COOLDOWN cam=2 zone=2
2026-04-20 22:26:54 [INFO    ] IVS.relay.Main – Relay 8 COOLDOWN cam=2 zone=2
2026-04-20 22:26:55 [INFO    ] IVS.relay.Main – Relay 8 COOLDOWN cam=2 zone=2
2026-04-20 22:26:55 [INFO    ] IVS.relay.Main – Relay 8 COOLDOWN cam=2 zone=2
2026-04-20 22:26:57 [INFO    ] IVS.relay.Main – Relay 8 COOLDOWN cam=2 zone=2
2026-04-20 22:27:01 [INFO    ] IVS.relay.Main – Relay 8 COOLDOWN cam=2 zone=2
2026-04-20 22:27:09 [INFO    ] IVS.relay.Main – Relay 8 COOLDOWN cam=2 zone=2
2026-04-20 22:27:15 [INFO    ] IVS.relay.Main – Relay 8 COOLDOWN cam=2 zone=2
2026-04-20 22:27:22 [INFO    ] IVS.relay.Main – Relay 8 COOLDOWN cam=2 zone=2
2026-04-20 22:27:36 [INFO    ] IVS.relay.Main – Relay 8 COOLDOWN cam=2 zone=2
2026-04-20 22:27:41 [INFO    ] IVS.relay.Main – Relay 8 COOLDOWN cam=2 zone=2
2026-04-20 22:27:43 [INFO    ] IVS.relay.Main – Relay 8 COOLDOWN cam=2 zone=2
2026-04-20 22:27:46 [INFO    ] IVS.relay.Main – Relay 8 COOLDOWN cam=2 zone=2
2026-04-20 22:27:48 [INFO    ] IVS.relay.Main – Relay 8 COOLDOWN cam=2 zone=2
2026-04-20 22:27:51 [INFO    ] IVS.relay.Main – Relay 8 COOLDOWN cam=2 zone=2
2026-04-20 22:27:59 [INFO    ] IVS.relay.Main – Relay 8 COOLDOWN cam=2 zone=2
2026-04-20 22:28:01 [INFO    ] IVS.relay.Main – Relay 8 COOLDOWN cam=2 zone=2
2026-04-20 22:28:02 [INFO    ] IVS.relay.Main – Relay 8 COOLDOWN cam=2 zone=2
2026-04-20 22:28:03 [INFO    ] IVS.relay.Main – Relay 8 COOLDOWN cam=2 zone=2
2026-04-20 22:28:06 [INFO    ] IVS.relay.Main – Relay 8 COOLDOWN cam=2 zone=2
2026-04-20 22:28:08 [INFO    ] IVS.relay.Main – Relay 8 COOLDOWN cam=2 zone=2
2026-04-20 22:28:11 [INFO    ] IVS.relay.Main – Relay 8 COOLDOWN cam=2 zone=2
2026-04-20 22:28:55 [INFO    ] IVS.relay.Main – Relay process exiting
2026-04-20 22:36:36 [INFO    ] IVS.relay.Main – Relay process started  PID=2716
2026-04-20 22:36:36 [INFO    ] IVS.relay.Main – USB HID relay hardware initialised
2026-04-20 22:36:45 [INFO    ] IVS.relay.Main – Relay 8 COOLDOWN cam=2 zone=2
2026-04-20 22:36:47 [INFO    ] IVS.relay.Main – Relay 8 COOLDOWN cam=2 zone=2
2026-04-20 22:36:48 [INFO    ] IVS.relay.Main – Relay 8 COOLDOWN cam=2 zone=2
2026-04-20 22:36:48 [INFO    ] IVS.relay.Main – Relay 8 COOLDOWN cam=2 zone=2
2026-04-20 22:36:52 [INFO    ] IVS.relay.Main – Relay 8 COOLDOWN cam=2 zone=2
2026-04-20 22:36:53 [INFO    ] IVS.relay.Main – Relay 8 COOLDOWN cam=2 zone=2
2026-04-20 22:36:54 [INFO    ] IVS.relay.Main – Relay 8 COOLDOWN cam=2 zone=2
2026-04-20 22:36:59 [INFO    ] IVS.relay.Main – Relay 8 COOLDOWN cam=2 zone=2
2026-04-20 22:36:59 [INFO    ] IVS.relay.Main – Relay 8 COOLDOWN cam=2 zone=2
2026-04-20 22:37:07 [INFO    ] IVS.relay.Main – Relay 8 COOLDOWN cam=2 zone=2
2026-04-20 22:37:10 [INFO    ] IVS.relay.Main – Relay 8 COOLDOWN cam=2 zone=2
2026-04-20 22:37:10 [INFO    ] IVS.relay.Main – Relay 8 COOLDOWN cam=2 zone=2
2026-04-20 22:37:12 [INFO    ] IVS.relay.Main – Relay 8 COOLDOWN cam=2 zone=2
2026-04-20 22:37:12 [INFO    ] IVS.relay.Main – Relay 8 COOLDOWN cam=2 zone=2
2026-04-20 22:37:16 [INFO    ] IVS.relay.Main – Relay 8 COOLDOWN cam=2 zone=2
2026-04-20 22:37:19 [INFO    ] IVS.relay.Main – Relay 8 COOLDOWN cam=2 zone=2
2026-04-20 22:37:19 [INFO    ] IVS.relay.Main – Relay 8 COOLDOWN cam=2 zone=2
2026-04-20 22:37:25 [INFO    ] IVS.relay.Main – Relay 8 COOLDOWN cam=2 zone=2
2026-04-20 22:37:25 [INFO    ] IVS.relay.Main – Relay 8 COOLDOWN cam=2 zone=2
2026-04-20 22:37:26 [INFO    ] IVS.relay.Main – Relay 8 COOLDOWN cam=2 zone=2
2026-04-20 22:37:26 [INFO    ] IVS.relay.Main – Relay 8 COOLDOWN cam=2 zone=2
2026-04-20 22:37:26 [INFO    ] IVS.relay.Main – Relay 8 COOLDOWN cam=2 zone=2
2026-04-20 22:37:32 [INFO    ] IVS.relay.Main – Relay 8 COOLDOWN cam=2 zone=2
2026-04-20 22:37:33 [INFO    ] IVS.relay.Main – Relay 8 COOLDOWN cam=2 zone=2
2026-04-20 22:37:34 [INFO    ] IVS.relay.Main – Relay 8 COOLDOWN cam=2 zone=2
2026-04-20 22:37:34 [INFO    ] IVS.relay.Main – Relay 8 COOLDOWN cam=2 zone=2
2026-04-20 22:37:34 [INFO    ] IVS.relay.Main – Relay 8 COOLDOWN cam=2 zone=2
2026-04-20 22:37:35 [INFO    ] IVS.relay.Main – Relay 8 COOLDOWN cam=2 zone=2
2026-04-20 22:37:36 [INFO    ] IVS.relay.Main – Relay 8 COOLDOWN cam=2 zone=2
2026-04-20 22:37:46 [INFO    ] IVS.relay.Main – Relay 8 COOLDOWN cam=2 zone=2
2026-04-20 22:37:47 [INFO    ] IVS.relay.Main – Relay 8 COOLDOWN cam=2 zone=2
2026-04-20 22:37:54 [INFO    ] IVS.relay.Main – Relay 8 COOLDOWN cam=2 zone=2
2026-04-20 22:37:54 [INFO    ] IVS.relay.Main – Relay 8 COOLDOWN cam=2 zone=2
2026-04-20 22:37:55 [INFO    ] IVS.relay.Main – Relay 8 COOLDOWN cam=2 zone=2
2026-04-20 22:37:57 [INFO    ] IVS.relay.Main – Relay 8 COOLDOWN cam=2 zone=2
2026-04-20 22:37:58 [INFO    ] IVS.relay.Main – Relay 8 COOLDOWN cam=2 zone=2
2026-04-20 22:38:00 [INFO    ] IVS.relay.Main – Relay 8 COOLDOWN cam=2 zone=2
2026-04-20 22:38:01 [INFO    ] IVS.relay.Main – Relay 8 COOLDOWN cam=2 zone=2
2026-04-20 22:38:01 [INFO    ] IVS.relay.Main – Relay 8 COOLDOWN cam=2 zone=2
2026-04-20 22:38:04 [INFO    ] IVS.relay.Main – Relay 8 COOLDOWN cam=2 zone=2
2026-04-20 22:38:04 [INFO    ] IVS.relay.Main – Relay 8 COOLDOWN cam=2 zone=2
2026-04-20 22:38:05 [INFO    ] IVS.relay.Main – Relay 8 COOLDOWN cam=2 zone=2
2026-04-20 22:38:08 [INFO    ] IVS.relay.Main – Relay 8 COOLDOWN cam=2 zone=2
2026-04-20 22:38:08 [INFO    ] IVS.relay.Main – Relay 8 COOLDOWN cam=2 zone=2
2026-04-20 22:38:09 [INFO    ] IVS.relay.Main – Relay 8 COOLDOWN cam=2 zone=2
2026-04-20 22:38:11 [INFO    ] IVS.relay.Main – Relay 8 COOLDOWN cam=2 zone=2
2026-04-20 22:38:42 [INFO    ] IVS.relay.Main – Relay 8 COOLDOWN cam=2 zone=2
2026-04-20 22:38:44 [INFO    ] IVS.relay.Main – Relay 8 COOLDOWN cam=2 zone=2
2026-04-20 22:38:45 [INFO    ] IVS.relay.Main – Relay 8 COOLDOWN cam=2 zone=2
2026-04-20 22:38:48 [INFO    ] IVS.relay.Main – Relay 8 COOLDOWN cam=2 zone=2
2026-04-20 22:38:52 [INFO    ] IVS.relay.Main – Relay 8 COOLDOWN cam=2 zone=2
2026-04-20 22:38:52 [INFO    ] IVS.relay.Main – Relay 8 COOLDOWN cam=2 zone=2
2026-04-20 22:39:09 [INFO    ] IVS.relay.Main – Relay 8 COOLDOWN cam=2 zone=2
2026-04-20 22:42:26 [INFO    ] IVS.relay.Main – Relay process exiting
2026-04-20 22:46:04 [INFO    ] IVS.relay.Main – Relay process started  PID=15720
2026-04-20 22:46:04 [INFO    ] IVS.relay.Main – USB HID relay hardware initialised
2026-04-20 22:46:14 [INFO    ] IVS.relay.Main – Relay 7 COOLDOWN cam=1 zone=1
2026-04-20 22:46:16 [INFO    ] IVS.relay.Main – Relay 8 COOLDOWN cam=2 zone=2
2026-04-20 22:46:19 [INFO    ] IVS.relay.Main – Relay 8 COOLDOWN cam=2 zone=2
2026-04-20 22:46:21 [INFO    ] IVS.relay.Main – Relay 8 COOLDOWN cam=2 zone=2
2026-04-20 22:46:21 [INFO    ] IVS.relay.Main – Relay 8 COOLDOWN cam=2 zone=2
2026-04-20 22:46:22 [INFO    ] IVS.relay.Main – Relay 8 COOLDOWN cam=2 zone=2
2026-04-20 22:46:24 [INFO    ] IVS.relay.Main – Relay 8 COOLDOWN cam=2 zone=2
2026-04-20 22:46:24 [INFO    ] IVS.relay.Main – Relay 8 COOLDOWN cam=2 zone=2
2026-04-20 22:46:24 [INFO    ] IVS.relay.Main – Relay 8 COOLDOWN cam=2 zone=2
2026-04-20 22:46:25 [INFO    ] IVS.relay.Main – Relay 8 COOLDOWN cam=2 zone=2
2026-04-20 22:46:26 [INFO    ] IVS.relay.Main – Relay 8 COOLDOWN cam=2 zone=2
2026-04-20 22:46:27 [INFO    ] IVS.relay.Main – Relay 8 COOLDOWN cam=2 zone=2
2026-04-20 22:46:27 [INFO    ] IVS.relay.Main – Relay 8 COOLDOWN cam=2 zone=2
2026-04-20 22:46:29 [INFO    ] IVS.relay.Main – Relay 8 COOLDOWN cam=2 zone=2
2026-04-20 22:46:31 [INFO    ] IVS.relay.Main – Relay 8 COOLDOWN cam=2 zone=2
2026-04-20 22:46:32 [INFO    ] IVS.relay.Main – Relay 8 COOLDOWN cam=2 zone=2
2026-04-20 22:46:33 [INFO    ] IVS.relay.Main – Relay 8 COOLDOWN cam=2 zone=2
2026-04-20 22:46:33 [INFO    ] IVS.relay.Main – Relay 8 COOLDOWN cam=2 zone=2
2026-04-20 22:46:35 [INFO    ] IVS.relay.Main – Relay 8 COOLDOWN cam=2 zone=2
2026-04-20 22:46:38 [INFO    ] IVS.relay.Main – Relay 8 COOLDOWN cam=2 zone=2
2026-04-20 22:46:38 [INFO    ] IVS.relay.Main – Relay 8 COOLDOWN cam=2 zone=2
2026-04-20 22:46:39 [INFO    ] IVS.relay.Main – Relay 8 COOLDOWN cam=2 zone=2
2026-04-20 22:46:40 [INFO    ] IVS.relay.Main – Relay 8 COOLDOWN cam=2 zone=2
2026-04-20 22:46:40 [INFO    ] IVS.relay.Main – Relay 8 COOLDOWN cam=2 zone=2
2026-04-20 22:46:45 [INFO    ] IVS.relay.Main – Relay process exiting
2026-05-20 08:37:48 [INFO    ] IVS.relay.Main – Relay process started  PID=1544
2026-05-20 08:37:48 [INFO    ] IVS.relay.ConfigLoader – Settings loaded from app_settings.json
2026-05-20 08:37:48 [INFO    ] IVS.relay.Main – [Relay] Initialising backend: none
2026-05-20 08:38:22 [INFO    ] IVS.relay.Main – CTRL_RELOAD_SETTINGS received
2026-05-20 08:38:22 [INFO    ] IVS.relay.ConfigLoader – Settings loaded from app_settings.json
2026-05-20 08:38:22 [INFO    ] IVS.relay.Main – Relay type changed: none -> ethernet – hot-swapping backend
2026-05-20 08:38:22 [INFO    ] IVS.relay.Main – [Relay] Backend 'none' closed
2026-05-20 08:38:22 [INFO    ] IVS.relay.Main – [Relay] Initialising backend: ethernet
2026-05-20 08:38:22 [INFO    ] IVS.relay.Main – Settings reloaded: relay_type=ethernet cooldown=1.0s duration=1.0s
2026-05-20 08:38:39 [INFO    ] IVS.relay.Main – [Relay] Backend 'ethernet' closed
2026-05-20 08:38:39 [INFO    ] IVS.relay.Main – Relay process exiting
2026-05-20 08:40:31 [INFO    ] IVS.relay.Main – Relay process started  PID=23468
2026-05-20 08:40:31 [INFO    ] IVS.relay.ConfigLoader – Settings loaded from app_settings.json
2026-05-20 08:40:31 [INFO    ] IVS.relay.Main – [Relay] Initialising backend: ethernet
2026-05-20 08:40:47 [INFO    ] IVS.relay.Main – CTRL_RELOAD_SETTINGS received
2026-05-20 08:40:47 [INFO    ] IVS.relay.ConfigLoader – Settings loaded from app_settings.json
2026-05-20 08:40:47 [INFO    ] IVS.relay.Main – Settings reloaded: relay_type=ethernet cooldown=1.0s duration=1.0s
2026-05-20 08:41:30 [INFO    ] IVS.relay.Main – CTRL_RELOAD_SETTINGS received
2026-05-20 08:41:30 [INFO    ] IVS.relay.ConfigLoader – Settings loaded from app_settings.json
2026-05-20 08:41:30 [INFO    ] IVS.relay.Main – Settings reloaded: relay_type=ethernet cooldown=1.0s duration=1.0s
2026-05-20 08:41:53 [INFO    ] IVS.relay.Main – [Relay] Backend 'ethernet' closed
2026-05-20 08:41:54 [INFO    ] IVS.relay.Main – Relay process exiting
2026-05-20 09:10:24 [INFO    ] IVS.relay.Main – Relay process started  PID=17104
2026-05-20 09:10:24 [INFO    ] IVS.relay.ConfigLoader – Settings loaded from app_settings.json  model=yolov8l.pt  target_classes=ALL
2026-05-20 09:10:24 [INFO    ] IVS.relay.Main – [Relay] Initialising backend: ethernet
2026-05-20 09:10:55 [INFO    ] IVS.relay.Main – CTRL_RELOAD_SETTINGS received
2026-05-20 09:10:55 [INFO    ] IVS.relay.ConfigLoader – Settings loaded from app_settings.json  model=yolov8n.pt  target_classes=[0, 1, 2]
2026-05-20 09:10:55 [INFO    ] IVS.relay.Main – Settings reloaded: relay_type=ethernet cooldown=0.5s duration=1.0s
2026-05-20 09:11:17 [INFO    ] IVS.relay.Main – CTRL_RELOAD_SETTINGS received
2026-05-20 09:11:17 [INFO    ] IVS.relay.ConfigLoader – Settings loaded from app_settings.json  model=yolov8n.pt  target_classes=[0, 1, 2, 12]
2026-05-20 09:11:17 [INFO    ] IVS.relay.Main – Settings reloaded: relay_type=ethernet cooldown=0.5s duration=1.0s
2026-05-20 09:11:20 [INFO    ] IVS.relay.Main – CTRL_RELOAD_SETTINGS received
2026-05-20 09:11:20 [INFO    ] IVS.relay.ConfigLoader – Settings loaded from app_settings.json  model=yolov8n.pt  target_classes=[0, 1, 2, 12]
2026-05-20 09:11:20 [INFO    ] IVS.relay.Main – Settings reloaded: relay_type=ethernet cooldown=0.5s duration=1.0s
2026-05-20 09:12:39 [INFO    ] IVS.relay.Main – [Relay] Backend 'ethernet' closed
2026-05-20 09:12:39 [INFO    ] IVS.relay.Main – Relay process exiting
2026-05-20 09:26:43 [INFO    ] IVS.relay.Main – Relay process started  PID=26976
2026-05-20 09:26:43 [INFO    ] IVS.relay.ConfigLoader – Settings loaded from app_settings.json  model=yolov8n.pt  target_classes=[0, 1, 2, 12]
2026-05-20 09:26:43 [INFO    ] IVS.relay.Main – [Relay] Initialising backend: ethernet
2026-05-20 09:27:17 [INFO    ] IVS.relay.Main – CTRL_RELOAD_SETTINGS received
2026-05-20 09:27:17 [INFO    ] IVS.relay.ConfigLoader – Settings loaded from app_settings.json  model=PyreaserchYTYolo12.pt  target_classes=[0, 1, 2, 3, 4, 5, 6, 7, 8, 9, 10]
2026-05-20 09:27:17 [INFO    ] IVS.relay.Main – Settings reloaded: relay_type=ethernet cooldown=0.5s duration=1.0s
2026-05-20 09:27:45 [INFO    ] IVS.relay.Main – [Relay] Backend 'ethernet' closed
2026-05-20 09:27:45 [INFO    ] IVS.relay.Main – Relay process exiting
2026-05-20 21:56:55 [INFO    ] IVS.relay.Main – Relay process started  PID=12388
2026-05-20 21:56:55 [INFO    ] IVS.relay.ConfigLoader – Settings loaded from app_settings.json  model=PyreaserchYTYolo12.pt  target_classes=[0, 1, 2, 3, 4, 5, 6, 7, 8, 9, 10]
2026-05-20 21:56:55 [INFO    ] IVS.relay.Main – [Relay] Initialising backend: ethernet
2026-05-20 21:57:59 [INFO    ] IVS.relay.Main – [Relay] Backend 'ethernet' closed
2026-05-20 21:57:59 [INFO    ] IVS.relay.Main – Relay process exiting
2026-05-20 22:06:55 [INFO    ] IVS.relay.Main – Relay process started  PID=12388
2026-05-20 22:06:55 [INFO    ] IVS.relay.ConfigLoader – Settings loaded from app_settings.json  model=PyreaserchYTYolo12.pt  target_classes=[0, 1, 2, 3, 4, 5, 6, 7, 8, 9, 10]
2026-05-20 22:06:55 [INFO    ] IVS.relay.Main – [Relay] Initialising backend: ethernet
2026-05-20 22:08:27 [INFO    ] IVS.relay.Main – [Relay] Backend 'ethernet' closed
2026-05-20 22:08:27 [INFO    ] IVS.relay.Main – Relay process exiting
2026-05-20 22:08:49 [INFO    ] IVS.relay.Main – Relay process started  PID=8816
2026-05-20 22:08:49 [INFO    ] IVS.relay.ConfigLoader – Settings loaded from app_settings.json  model=PyreaserchYTYolo12.pt  target_classes=[0, 1, 2, 3, 4, 5, 6, 7, 8, 9, 10]
2026-05-20 22:08:49 [INFO    ] IVS.relay.Main – [Relay] Initialising backend: ethernet
2026-05-20 22:09:09 [INFO    ] IVS.relay.Main – CTRL_RELOAD_SETTINGS received
2026-05-20 22:09:09 [INFO    ] IVS.relay.ConfigLoader – Settings loaded from app_settings.json  model=PyreaserchYTYolo12.pt  target_classes=ALL
2026-05-20 22:09:09 [INFO    ] IVS.relay.Main – Settings reloaded: relay_type=ethernet cooldown=0.5s duration=1.0s
2026-05-20 22:09:47 [INFO    ] IVS.relay.Main – [Relay] Backend 'ethernet' closed
2026-05-20 22:09:47 [INFO    ] IVS.relay.Main – Relay process exiting
2026-05-20 22:09:59 [INFO    ] IVS.relay.Main – Relay process started  PID=5636
2026-05-20 22:09:59 [INFO    ] IVS.relay.ConfigLoader – Settings loaded from app_settings.json  model=PyreaserchYTYolo12.pt  target_classes=ALL
2026-05-20 22:09:59 [INFO    ] IVS.relay.Main – [Relay] Initialising backend: ethernet
2026-05-20 22:10:45 [INFO    ] IVS.relay.Main – [Relay] Backend 'ethernet' closed
2026-05-20 22:10:45 [INFO    ] IVS.relay.Main – Relay process exiting
2026-05-20 22:12:08 [INFO    ] IVS.relay.Main – Relay process started  PID=12076
2026-05-20 22:12:08 [INFO    ] IVS.relay.ConfigLoader – Settings loaded from app_settings.json  model=PyreaserchYTYolo12.pt  target_classes=ALL
2026-05-20 22:12:08 [INFO    ] IVS.relay.Main – [Relay] Initialising backend: ethernet
2026-05-20 22:13:31 [INFO    ] IVS.relay.Main – [Relay] Backend 'ethernet' closed
2026-05-20 22:13:31 [INFO    ] IVS.relay.Main – Relay process exiting
2026-05-20 22:16:46 [INFO    ] IVS.relay.Main – Relay process started  PID=2000
2026-05-20 22:16:46 [INFO    ] IVS.relay.ConfigLoader – Settings loaded from app_settings.json  model=PyreaserchYTYolo12.pt  target_classes=ALL
2026-05-20 22:16:46 [INFO    ] IVS.relay.Main – [Relay] Initialising backend: ethernet
2026-05-20 22:17:39 [INFO    ] IVS.relay.Main – [Relay] Backend 'ethernet' closed
2026-05-20 22:17:39 [INFO    ] IVS.relay.Main – Relay process exiting
2026-05-20 22:18:19 [INFO    ] IVS.relay.Main – Relay process started  PID=13584
2026-05-20 22:18:19 [INFO    ] IVS.relay.ConfigLoader – Settings loaded from app_settings.json  model=PyreaserchYTYolo12.pt  target_classes=ALL
2026-05-20 22:18:19 [INFO    ] IVS.relay.Main – [Relay] Initialising backend: ethernet
2026-05-20 22:21:25 [INFO    ] IVS.relay.Main – [Relay] Backend 'ethernet' closed
2026-05-20 22:21:25 [INFO    ] IVS.relay.Main – Relay process exiting
2026-05-20 22:21:37 [INFO    ] IVS.relay.Main – Relay process started  PID=372
2026-05-20 22:21:37 [INFO    ] IVS.relay.ConfigLoader – Settings loaded from app_settings.json  model=PyreaserchYTYolo12.pt  target_classes=ALL
2026-05-20 22:21:37 [INFO    ] IVS.relay.Main – [Relay] Initialising backend: ethernet
2026-05-20 22:21:54 [INFO    ] IVS.relay.Main – CTRL_RELOAD_SETTINGS received
2026-05-20 22:21:54 [INFO    ] IVS.relay.ConfigLoader – Settings loaded from app_settings.json  model=PyreaserchYTYolo12.pt  target_classes=[0, 1, 2, 3, 4, 5, 6, 7, 8, 9, 10]
2026-05-20 22:21:54 [INFO    ] IVS.relay.Main – Settings reloaded: relay_type=ethernet cooldown=0.5s duration=1.0s
2026-05-20 22:24:05 [INFO    ] IVS.relay.Main – CTRL_RELOAD_SETTINGS received
2026-05-20 22:24:05 [INFO    ] IVS.relay.ConfigLoader – Settings loaded from app_settings.json  model=yolov8l.pt  target_classes=[0]
2026-05-20 22:24:05 [INFO    ] IVS.relay.Main – Settings reloaded: relay_type=ethernet cooldown=0.5s duration=1.0s
2026-05-20 22:24:06 [INFO    ] IVS.relay.Main – CTRL_RELOAD_SETTINGS received
2026-05-20 22:24:06 [INFO    ] IVS.relay.ConfigLoader – Settings loaded from app_settings.json  model=yolov8l.pt  target_classes=[0]
2026-05-20 22:24:06 [INFO    ] IVS.relay.Main – Settings reloaded: relay_type=ethernet cooldown=0.5s duration=1.0s
2026-05-20 22:25:55 [INFO    ] IVS.relay.Main – [Relay] Backend 'ethernet' closed
2026-05-20 22:25:55 [INFO    ] IVS.relay.Main – Relay process exiting
2026-05-20 22:35:12 [INFO    ] IVS.relay.Main – Relay process started  PID=15184
2026-05-20 22:35:12 [INFO    ] IVS.relay.ConfigLoader – Settings loaded from app_settings.json  model=yolov8l.pt  target_classes=[0]
2026-05-20 22:35:12 [INFO    ] IVS.relay.Main – [Relay] Initialising backend: ethernet
2026-05-20 22:36:44 [INFO    ] IVS.relay.Main – [Relay] Backend 'ethernet' closed
2026-05-20 22:36:44 [INFO    ] IVS.relay.Main – Relay process exiting
2026-05-20 22:37:51 [INFO    ] IVS.relay.Main – Relay process started  PID=15556
2026-05-20 22:37:51 [INFO    ] IVS.relay.ConfigLoader – Settings loaded from app_settings.json  model=yolov8l.pt  target_classes=[0]
2026-05-20 22:37:51 [INFO    ] IVS.relay.Main – [Relay] Initialising backend: ethernet
2026-05-20 22:40:02 [WARNING ] IVS.relay.Main – Relay 1 SKIPPED – ethernet hardware disconnected (cam=1 zone=4)
2026-05-20 22:41:19 [WARNING ] IVS.relay.Main – Relay 1 SKIPPED – ethernet hardware disconnected (cam=1 zone=4)
2026-05-20 22:41:26 [INFO    ] IVS.relay.Main – CTRL_RELOAD_SETTINGS received
2026-05-20 22:41:26 [INFO    ] IVS.relay.ConfigLoader – Settings loaded from app_settings.json  model=PPEsnehilsanyalGithub.pt  target_classes=ALL
2026-05-20 22:41:26 [INFO    ] IVS.relay.Main – Settings reloaded: relay_type=ethernet cooldown=0.5s duration=1.0s
2026-05-20 22:42:09 [WARNING ] IVS.relay.Main – Relay 1 SKIPPED – ethernet hardware disconnected (cam=1 zone=4)
2026-05-20 22:42:11 [INFO    ] IVS.relay.Main – CTRL_RELOAD_SETTINGS received
2026-05-20 22:42:11 [INFO    ] IVS.relay.ConfigLoader – Settings loaded from app_settings.json  model=PyreaserchYTYolo12.pt  target_classes=ALL
2026-05-20 22:42:11 [INFO    ] IVS.relay.Main – Settings reloaded: relay_type=ethernet cooldown=0.5s duration=1.0s
2026-05-20 22:42:55 [INFO    ] IVS.relay.Main – [Relay] Backend 'ethernet' closed
2026-05-20 22:42:55 [INFO    ] IVS.relay.Main – Relay process exiting
2026-05-20 22:46:23 [INFO    ] IVS.relay.Main – Relay process started  PID=14740
2026-05-20 22:46:23 [INFO    ] IVS.relay.ConfigLoader – Settings loaded from app_settings.json  model=PyreaserchYTYolo12.pt  target_classes=ALL
2026-05-20 22:46:23 [INFO    ] IVS.relay.Main – [Relay] Initialising backend: ethernet
2026-05-20 22:46:54 [INFO    ] IVS.relay.Main – CTRL_RELOAD_SETTINGS received
2026-05-20 22:46:54 [INFO    ] IVS.relay.ConfigLoader – Settings loaded from app_settings.json  model=PyreaserchYTYolo12.pt  target_classes=[0, 1, 2, 3, 4, 5, 6, 7, 8, 9, 10]
2026-05-20 22:46:54 [INFO    ] IVS.relay.Main – Settings reloaded: relay_type=ethernet cooldown=0.5s duration=1.0s
2026-05-20 22:47:17 [WARNING ] IVS.relay.Main – Relay 1 SKIPPED – ethernet hardware disconnected (cam=1 zone=4)
2026-05-20 22:47:19 [INFO    ] IVS.relay.Main – CTRL_RELOAD_SETTINGS received
2026-05-20 22:47:19 [INFO    ] IVS.relay.ConfigLoader – Settings loaded from app_settings.json  model=PPEsnehilsanyalGithub.pt  target_classes=[0, 1, 2, 3, 4, 5, 6, 7, 8, 9]
2026-05-20 22:47:19 [INFO    ] IVS.relay.Main – Settings reloaded: relay_type=ethernet cooldown=0.5s duration=1.0s
2026-05-20 22:49:24 [WARNING ] IVS.relay.Main – Relay 1 SKIPPED – ethernet hardware disconnected (cam=1 zone=4)
2026-05-20 22:50:40 [INFO    ] IVS.relay.Main – CTRL_RELOAD_SETTINGS received
2026-05-20 22:50:40 [INFO    ] IVS.relay.ConfigLoader – Settings loaded from app_settings.json  model=PyreaserchYTYolo12.pt  target_classes=[0, 1, 2, 3, 4, 5, 6, 7, 8, 9, 10]
2026-05-20 22:50:40 [INFO    ] IVS.relay.Main – Settings reloaded: relay_type=ethernet cooldown=0.5s duration=1.0s
2026-05-20 22:50:46 [INFO    ] IVS.relay.Main – CTRL_RELOAD_SETTINGS received
2026-05-20 22:50:46 [INFO    ] IVS.relay.ConfigLoader – Settings loaded from app_settings.json  model=PyreaserchYTYolo12.pt  target_classes=[0, 1, 2, 3, 4, 5, 6, 7, 8, 9, 10]
2026-05-20 22:50:46 [INFO    ] IVS.relay.Main – Settings reloaded: relay_type=ethernet cooldown=0.5s duration=1.0s
2026-05-20 22:51:46 [INFO    ] IVS.relay.Main – CTRL_RELOAD_SETTINGS received
2026-05-20 22:51:46 [INFO    ] IVS.relay.ConfigLoader – Settings loaded from app_settings.json  model=PyreaserchYTYolo12.pt  target_classes=[0, 1, 2, 3, 4, 5, 6, 7, 8, 9, 10]
2026-05-20 22:51:46 [INFO    ] IVS.relay.Main – Settings reloaded: relay_type=ethernet cooldown=0.5s duration=1.0s
2026-05-20 22:53:28 [INFO    ] IVS.relay.Main – CTRL_RELOAD_SETTINGS received
2026-05-20 22:53:28 [INFO    ] IVS.relay.ConfigLoader – Settings loaded from app_settings.json  model=PPEsnehilsanyalGithub.pt  target_classes=[0, 1, 2, 3, 4, 5, 6, 7, 8, 9]
2026-05-20 22:53:28 [INFO    ] IVS.relay.Main – Settings reloaded: relay_type=ethernet cooldown=0.5s duration=1.0s
2026-05-20 22:53:31 [WARNING ] IVS.relay.Main – Relay 1 SKIPPED – ethernet hardware disconnected (cam=1 zone=4)
2026-05-20 22:53:31 [WARNING ] IVS.relay.Main – Relay 1 SKIPPED – ethernet hardware disconnected (cam=1 zone=4)
2026-05-20 22:53:38 [INFO    ] IVS.relay.Main – CTRL_RELOAD_SETTINGS received
2026-05-20 22:53:38 [INFO    ] IVS.relay.ConfigLoader – Settings loaded from app_settings.json  model=PPEsnehilsanyalGithub.pt  target_classes=[0, 1, 2, 3, 4, 5, 6, 7, 8, 9]
2026-05-20 22:53:38 [INFO    ] IVS.relay.Main – Settings reloaded: relay_type=ethernet cooldown=0.5s duration=1.0s
2026-05-20 22:53:41 [INFO    ] IVS.relay.Main – CTRL_RELOAD_SETTINGS received
2026-05-20 22:53:41 [INFO    ] IVS.relay.ConfigLoader – Settings loaded from app_settings.json  model=PPEsnehilsanyalGithub.pt  target_classes=ALL
2026-05-20 22:53:41 [INFO    ] IVS.relay.Main – Settings reloaded: relay_type=ethernet cooldown=0.5s duration=1.0s
2026-05-20 22:53:44 [INFO    ] IVS.relay.Main – CTRL_RELOAD_SETTINGS received
2026-05-20 22:53:44 [INFO    ] IVS.relay.ConfigLoader – Settings loaded from app_settings.json  model=PPEsnehilsanyalGithub.pt  target_classes=ALL
2026-05-20 22:53:44 [INFO    ] IVS.relay.Main – Settings reloaded: relay_type=ethernet cooldown=0.5s duration=1.0s
2026-05-20 22:54:43 [INFO    ] IVS.relay.Main – CTRL_RELOAD_SETTINGS received
2026-05-20 22:54:43 [INFO    ] IVS.relay.ConfigLoader – Settings loaded from app_settings.json  model=PyreaserchYTYolo12.pt  target_classes=ALL
2026-05-20 22:54:43 [INFO    ] IVS.relay.Main – Settings reloaded: relay_type=ethernet cooldown=0.5s duration=1.0s
2026-05-20 22:55:07 [INFO    ] IVS.relay.Main – CTRL_RELOAD_SETTINGS received
2026-05-20 22:55:07 [INFO    ] IVS.relay.ConfigLoader – Settings loaded from app_settings.json  model=PPEsnehilsanyalGithub.pt  target_classes=ALL
2026-05-20 22:55:07 [INFO    ] IVS.relay.Main – Settings reloaded: relay_type=ethernet cooldown=0.5s duration=1.0s
2026-05-20 22:55:22 [INFO    ] IVS.relay.Main – CTRL_RELOAD_SETTINGS received
2026-05-20 22:55:22 [INFO    ] IVS.relay.ConfigLoader – Settings loaded from app_settings.json  model=yolov8l.pt  target_classes=ALL
2026-05-20 22:55:22 [INFO    ] IVS.relay.Main – Settings reloaded: relay_type=ethernet cooldown=0.5s duration=1.0s
2026-05-20 22:55:26 [WARNING ] IVS.relay.Main – Relay 1 SKIPPED – ethernet hardware disconnected (cam=1 zone=4)
2026-05-20 22:56:03 [INFO    ] IVS.relay.Main – [Relay] Backend 'ethernet' closed
2026-05-20 22:56:03 [INFO    ] IVS.relay.Main – Relay process exiting
2026-05-20 23:25:13 [INFO    ] IVS.relay.Main – Relay process started  PID=14244
2026-05-20 23:25:13 [INFO    ] IVS.relay.ConfigLoader – Settings loaded from app_settings.json  model=yolov8l.pt  target_classes=ALL
2026-05-20 23:25:13 [INFO    ] IVS.relay.Main – [Relay] Initialising backend: ethernet
2026-05-20 23:25:30 [INFO    ] IVS.relay.Main – CTRL_RELOAD_SETTINGS received
2026-05-20 23:25:30 [INFO    ] IVS.relay.ConfigLoader – Settings loaded from app_settings.json  model=yolov8l.pt  target_classes=ALL
2026-05-20 23:25:30 [INFO    ] IVS.relay.Main – Settings reloaded: relay_type=ethernet cooldown=0.5s duration=1.0s
2026-05-20 23:25:36 [INFO    ] IVS.relay.Main – CTRL_RELOAD_SETTINGS received
2026-05-20 23:25:36 [INFO    ] IVS.relay.ConfigLoader – Settings loaded from app_settings.json  model=PPEsnehilsanyalGithub.pt  target_classes=ALL
2026-05-20 23:25:36 [INFO    ] IVS.relay.Main – Settings reloaded: relay_type=ethernet cooldown=0.5s duration=1.0s
2026-05-20 23:25:36 [WARNING ] IVS.relay.Main – Relay 1 SKIPPED – ethernet hardware disconnected (cam=1 zone=4)
2026-05-20 23:26:17 [INFO    ] IVS.relay.Main – CTRL_RELOAD_SETTINGS received
2026-05-20 23:26:17 [INFO    ] IVS.relay.ConfigLoader – Settings loaded from app_settings.json  model=yolov8l.pt  target_classes=ALL
2026-05-20 23:26:17 [INFO    ] IVS.relay.Main – Settings reloaded: relay_type=ethernet cooldown=0.5s duration=1.0s
2026-05-20 23:26:34 [INFO    ] IVS.relay.Main – [Relay] Backend 'ethernet' closed
2026-05-20 23:26:34 [INFO    ] IVS.relay.Main – Relay process exiting
2026-05-20 23:27:06 [INFO    ] IVS.relay.Main – Relay process started  PID=4500
2026-05-20 23:27:06 [INFO    ] IVS.relay.ConfigLoader – Settings loaded from app_settings.json  model=yolov8l.pt  target_classes=ALL
2026-05-20 23:27:06 [INFO    ] IVS.relay.Main – [Relay] Initialising backend: ethernet
2026-05-20 23:27:26 [INFO    ] IVS.relay.Main – CTRL_RELOAD_SETTINGS received
2026-05-20 23:27:26 [INFO    ] IVS.relay.ConfigLoader – Settings loaded from app_settings.json  model=PyreaserchYTYolo12.pt  target_classes=ALL
2026-05-20 23:27:26 [INFO    ] IVS.relay.Main – Settings reloaded: relay_type=ethernet cooldown=0.5s duration=1.0s
2026-05-20 23:28:41 [INFO    ] IVS.relay.Main – CTRL_RELOAD_SETTINGS received
2026-05-20 23:28:41 [INFO    ] IVS.relay.ConfigLoader – Settings loaded from app_settings.json  model=PyreaserchYTYolo12.pt  target_classes=[0, 1, 2, 3, 4, 5, 6, 7, 8, 9, 10]
2026-05-20 23:28:41 [INFO    ] IVS.relay.Main – Settings reloaded: relay_type=ethernet cooldown=0.5s duration=1.0s
2026-05-20 23:29:06 [INFO    ] IVS.relay.Main – CTRL_RELOAD_SETTINGS received
2026-05-20 23:29:06 [INFO    ] IVS.relay.ConfigLoader – Settings loaded from app_settings.json  model=yolov8l.pt  target_classes=[0]
2026-05-20 23:29:06 [INFO    ] IVS.relay.Main – Settings reloaded: relay_type=ethernet cooldown=0.5s duration=1.0s
2026-05-20 23:29:38 [WARNING ] IVS.relay.Main – Relay 1 SKIPPED – ethernet hardware disconnected (cam=1 zone=4)
2026-05-20 23:29:51 [INFO    ] IVS.relay.Main – [Relay] Backend 'ethernet' closed
2026-05-20 23:29:51 [INFO    ] IVS.relay.Main – Relay process exiting
2026-05-21 00:14:01 [INFO    ] IVS.relay.Main – Relay process started  PID=12152
2026-05-21 00:14:01 [INFO    ] IVS.relay.ConfigLoader – Settings loaded from app_settings.json  model=yolov8l.pt  target_classes=[0]
2026-05-21 00:14:01 [INFO    ] IVS.relay.Main – [Relay] Initialising backend: ethernet
2026-05-21 00:14:23 [WARNING ] IVS.relay.Main – Relay 1 SKIPPED – ethernet hardware disconnected (cam=1 zone=4)
2026-05-21 00:14:24 [WARNING ] IVS.relay.Main – Relay 1 SKIPPED – ethernet hardware disconnected (cam=1 zone=4)
2026-05-21 00:14:25 [WARNING ] IVS.relay.Main – Relay 1 SKIPPED – ethernet hardware disconnected (cam=1 zone=4)
2026-05-21 00:14:32 [INFO    ] IVS.relay.Main – CTRL_RELOAD_SETTINGS received
2026-05-21 00:14:32 [INFO    ] IVS.relay.ConfigLoader – Settings loaded from app_settings.json  model=PyreaserchYTYolo12.pt  target_classes=[0]
2026-05-21 00:14:32 [INFO    ] IVS.relay.Main – Settings reloaded: relay_type=ethernet cooldown=0.5s duration=1.0s
2026-05-21 00:14:57 [INFO    ] IVS.relay.Main – [Relay] Backend 'ethernet' closed
2026-05-21 00:14:57 [INFO    ] IVS.relay.Main – Relay process exiting
2026-05-21 01:49:47 [INFO    ] IVS.relay.Main – Relay process started  PID=15152
2026-05-21 01:49:47 [INFO    ] IVS.relay.ConfigLoader – Settings loaded from app_settings.json  model=PyreaserchYTYolo12.pt  target_classes=[0]
2026-05-21 01:49:47 [INFO    ] IVS.relay.Main – [Relay] Initialising backend: ethernet
2026-05-21 01:49:53 [INFO    ] IVS.relay.Main – [Relay] Backend 'ethernet' closed
2026-05-21 01:49:53 [INFO    ] IVS.relay.Main – Relay process exiting
2026-05-21 02:04:47 [INFO    ] IVS.relay.Main – Relay process started  PID=13236
2026-05-21 02:04:47 [INFO    ] IVS.relay.ConfigLoader – Settings loaded from app_settings.json  model=PyreaserchYTYolo12.pt  target_classes=[0]
2026-05-21 02:04:47 [INFO    ] IVS.relay.Main – [Relay] Initialising backend: ethernet
2026-05-21 02:19:35 [INFO    ] IVS.relay.Main – Relay process started  PID=16304
2026-05-21 02:19:35 [INFO    ] IVS.relay.ConfigLoader – Settings loaded from app_settings.json  model=PyreaserchYTYolo12.pt  target_classes=[0]
2026-05-21 02:19:35 [INFO    ] IVS.relay.Main – [Relay] Initialising backend: ethernet
2026-05-21 02:19:44 [INFO    ] IVS.relay.Main – [Relay] Backend 'ethernet' closed
2026-05-21 02:19:44 [INFO    ] IVS.relay.Main – Relay process exiting
2026-05-21 02:20:10 [INFO    ] IVS.relay.Main – Relay process started  PID=1772
2026-05-21 02:20:10 [INFO    ] IVS.relay.ConfigLoader – Settings loaded from app_settings.json  model=PyreaserchYTYolo12.pt  target_classes=[0]
2026-05-21 02:20:10 [INFO    ] IVS.relay.Main – [Relay] Initialising backend: ethernet
2026-05-21 02:20:49 [INFO    ] IVS.relay.Main – [Relay] Backend 'ethernet' closed
2026-05-21 02:20:49 [INFO    ] IVS.relay.Main – Relay process exiting
2026-05-21 02:21:00 [INFO    ] IVS.relay.Main – Relay process started  PID=352
2026-05-21 02:21:01 [INFO    ] IVS.relay.ConfigLoader – Settings loaded from app_settings.json  model=PyreaserchYTYolo12.pt  target_classes=[0]
2026-05-21 02:21:01 [INFO    ] IVS.relay.Main – [Relay] Initialising backend: ethernet
2026-05-21 02:21:23 [INFO    ] IVS.relay.Main – Relay 1 TRIGGERED cam=1 zone=4
2026-05-21 02:21:26 [INFO    ] IVS.relay.Main – CTRL_RELOAD_SETTINGS received
2026-05-21 02:21:26 [INFO    ] IVS.relay.ConfigLoader – Settings loaded from app_settings.json  model=best.pt  target_classes=[0, 1, 2]
2026-05-21 02:21:26 [INFO    ] IVS.relay.Main – Settings reloaded: relay_type=ethernet cooldown=0.5s duration=1.0s
2026-05-21 02:21:50 [INFO    ] IVS.relay.Main – Relay 2 TRIGGERED cam=2 zone=5
2026-05-21 02:22:08 [INFO    ] IVS.relay.Main – CTRL_RELOAD_SETTINGS received
2026-05-21 02:22:08 [INFO    ] IVS.relay.ConfigLoader – Settings loaded from app_settings.json  model=yolov8l.pt  target_classes=[0]
2026-05-21 02:22:08 [INFO    ] IVS.relay.Main – Settings reloaded: relay_type=ethernet cooldown=0.5s duration=1.0s
2026-05-21 02:22:11 [INFO    ] IVS.relay.Main – Relay 2 TRIGGERED cam=2 zone=5
2026-05-21 02:22:16 [INFO    ] IVS.relay.Main – Relay 2 TRIGGERED cam=2 zone=5
2026-05-21 02:22:32 [INFO    ] IVS.relay.Main – CTRL_RELOAD_SETTINGS received
2026-05-21 02:22:32 [INFO    ] IVS.relay.ConfigLoader – Settings loaded from app_settings.json  model=PyreaserchYTYolo12.pt  target_classes=ALL
2026-05-21 02:22:32 [INFO    ] IVS.relay.Main – Settings reloaded: relay_type=ethernet cooldown=0.5s duration=1.0s
2026-05-21 02:22:40 [INFO    ] IVS.relay.Main – Relay 2 TRIGGERED cam=2 zone=5
2026-05-21 02:22:42 [INFO    ] IVS.relay.Main – Relay 2 TRIGGERED cam=2 zone=5
2026-05-21 02:22:44 [INFO    ] IVS.relay.Main – Relay 2 TRIGGERED cam=2 zone=5
2026-05-21 02:22:46 [INFO    ] IVS.relay.Main – Relay 2 TRIGGERED cam=2 zone=5
2026-05-21 02:22:49 [INFO    ] IVS.relay.Main – Relay 2 TRIGGERED cam=2 zone=5
2026-05-21 02:22:50 [INFO    ] IVS.relay.Main – Relay 2 COOLDOWN/FAILED cam=2 zone=5
2026-05-21 02:22:51 [INFO    ] IVS.relay.Main – CTRL_RELOAD_SETTINGS received
2026-05-21 02:22:51 [INFO    ] IVS.relay.ConfigLoader – Settings loaded from app_settings.json  model=PyreaserchYTYolo12.pt  target_classes=[0, 1, 2, 3, 4, 5, 6, 7, 8, 9, 10]
2026-05-21 02:22:51 [INFO    ] IVS.relay.Main – Settings reloaded: relay_type=ethernet cooldown=0.5s duration=1.0s
2026-05-21 02:22:53 [INFO    ] IVS.relay.Main – Relay 2 TRIGGERED cam=2 zone=5
2026-05-21 02:22:54 [INFO    ] IVS.relay.Main – Relay 2 COOLDOWN/FAILED cam=2 zone=5
2026-05-21 02:22:54 [INFO    ] IVS.relay.Main – Relay 2 TRIGGERED cam=2 zone=5
2026-05-21 02:23:05 [INFO    ] IVS.relay.Main – Relay 2 TRIGGERED cam=2 zone=5
2026-05-21 02:23:07 [INFO    ] IVS.relay.Main – Relay 2 TRIGGERED cam=2 zone=5
2026-05-21 02:23:08 [INFO    ] IVS.relay.Main – Relay 2 TRIGGERED cam=2 zone=5
2026-05-21 02:23:08 [INFO    ] IVS.relay.Main – Relay 2 COOLDOWN/FAILED cam=2 zone=5
2026-05-21 02:23:09 [INFO    ] IVS.relay.Main – Relay 2 TRIGGERED cam=2 zone=5
2026-05-21 02:23:10 [INFO    ] IVS.relay.Main – Relay 2 COOLDOWN/FAILED cam=2 zone=5
2026-05-21 02:23:14 [INFO    ] IVS.relay.Main – Relay 2 TRIGGERED cam=2 zone=5
2026-05-21 02:23:14 [INFO    ] IVS.relay.Main – Relay 2 COOLDOWN/FAILED cam=2 zone=5
2026-05-21 02:23:26 [INFO    ] IVS.relay.Main – CTRL_RELOAD_SETTINGS received
2026-05-21 02:23:26 [INFO    ] IVS.relay.ConfigLoader – Settings loaded from app_settings.json  model=PPEsnehilsanyalGithub.pt  target_classes=[0, 1, 2, 3, 4, 5, 6, 7, 8, 9]
2026-05-21 02:23:26 [INFO    ] IVS.relay.Main – Settings reloaded: relay_type=ethernet cooldown=0.5s duration=1.0s
2026-05-21 02:23:30 [INFO    ] IVS.relay.Main – [Relay] Backend 'ethernet' closed
2026-05-21 02:23:30 [INFO    ] IVS.relay.Main – Relay process exiting
2026-05-21 02:23:44 [INFO    ] IVS.relay.Main – Relay process started  PID=10804
2026-05-21 02:23:44 [INFO    ] IVS.relay.ConfigLoader – Settings loaded from app_settings.json  model=PPEsnehilsanyalGithub.pt  target_classes=[0, 1, 2, 3, 4, 5, 6, 7, 8, 9]
2026-05-21 02:23:44 [INFO    ] IVS.relay.Main – [Relay] Initialising backend: ethernet
2026-05-21 02:23:49 [INFO    ] IVS.relay.Main – Relay 2 TRIGGERED cam=2 zone=5
2026-05-21 02:23:49 [INFO    ] IVS.relay.Main – Relay 2 COOLDOWN/FAILED cam=2 zone=5
2026-05-21 02:23:50 [INFO    ] IVS.relay.Main – Relay 2 TRIGGERED cam=2 zone=5
2026-05-21 02:23:50 [INFO    ] IVS.relay.Main – Relay 2 COOLDOWN/FAILED cam=2 zone=5
2026-05-21 02:23:51 [INFO    ] IVS.relay.Main – Relay 2 TRIGGERED cam=2 zone=5
2026-05-21 02:24:14 [INFO    ] IVS.relay.Main – Relay 1 TRIGGERED cam=1 zone=4
2026-05-21 02:24:14 [INFO    ] IVS.relay.Main – Relay 1 COOLDOWN/FAILED cam=1 zone=4
2026-05-21 02:24:15 [INFO    ] IVS.relay.Main – Relay 1 COOLDOWN/FAILED cam=1 zone=4
2026-05-21 02:24:18 [INFO    ] IVS.relay.Main – Relay 1 TRIGGERED cam=1 zone=4
2026-05-21 02:24:20 [INFO    ] IVS.relay.Main – Relay 2 TRIGGERED cam=2 zone=5
2026-05-21 02:24:24 [INFO    ] IVS.relay.Main – Relay 2 TRIGGERED cam=2 zone=5
2026-05-21 02:24:27 [INFO    ] IVS.relay.Main – Relay 1 TRIGGERED cam=1 zone=4
2026-05-21 02:24:28 [INFO    ] IVS.relay.Main – Relay 1 COOLDOWN/FAILED cam=1 zone=4
2026-05-21 02:24:28 [INFO    ] IVS.relay.Main – Relay 1 TRIGGERED cam=1 zone=4
2026-05-21 02:24:28 [INFO    ] IVS.relay.Main – Relay 2 TRIGGERED cam=2 zone=5
2026-05-21 02:24:28 [INFO    ] IVS.relay.Main – Relay 2 COOLDOWN/FAILED cam=2 zone=5
2026-05-21 02:24:28 [INFO    ] IVS.relay.Main – Relay 2 COOLDOWN/FAILED cam=2 zone=5
2026-05-21 02:24:28 [INFO    ] IVS.relay.Main – Relay 2 COOLDOWN/FAILED cam=2 zone=5
2026-05-21 02:24:33 [INFO    ] IVS.relay.Main – Relay 1 TRIGGERED cam=1 zone=4
2026-05-21 02:24:33 [INFO    ] IVS.relay.Main – Relay 1 COOLDOWN/FAILED cam=1 zone=4
2026-05-21 02:24:35 [INFO    ] IVS.relay.Main – Relay 1 TRIGGERED cam=1 zone=4
2026-05-21 02:24:38 [INFO    ] IVS.relay.Main – Relay 2 TRIGGERED cam=2 zone=5
2026-05-21 02:24:45 [INFO    ] IVS.relay.Main – Relay 2 TRIGGERED cam=2 zone=5
2026-05-21 02:24:46 [INFO    ] IVS.relay.Main – Relay 2 TRIGGERED cam=2 zone=5
2026-05-21 02:24:46 [INFO    ] IVS.relay.Main – Relay 2 COOLDOWN/FAILED cam=2 zone=5
2026-05-21 02:24:46 [INFO    ] IVS.relay.Main – Relay 2 COOLDOWN/FAILED cam=2 zone=5
2026-05-21 02:24:47 [INFO    ] IVS.relay.Main – Relay 1 TRIGGERED cam=1 zone=4
2026-05-21 02:24:47 [INFO    ] IVS.relay.Main – Relay 2 TRIGGERED cam=2 zone=5
2026-05-21 02:24:49 [INFO    ] IVS.relay.Main – Relay 1 TRIGGERED cam=1 zone=4
2026-05-21 02:24:50 [INFO    ] IVS.relay.Main – Relay 1 TRIGGERED cam=1 zone=4
2026-05-21 02:24:50 [INFO    ] IVS.relay.Main – Relay 1 COOLDOWN/FAILED cam=1 zone=4
2026-05-21 02:24:56 [INFO    ] IVS.relay.Main – Relay 2 TRIGGERED cam=2 zone=5
2026-05-21 02:24:56 [INFO    ] IVS.relay.Main – Relay 2 COOLDOWN/FAILED cam=2 zone=5
2026-05-21 02:25:10 [INFO    ] IVS.relay.Main – Relay 1 TRIGGERED cam=1 zone=4
2026-05-21 02:25:15 [INFO    ] IVS.relay.Main – Relay 1 TRIGGERED cam=1 zone=4
2026-05-21 02:25:16 [INFO    ] IVS.relay.Main – Relay 1 TRIGGERED cam=1 zone=4
2026-05-21 02:25:16 [INFO    ] IVS.relay.Main – Relay 1 TRIGGERED cam=1 zone=4
2026-05-21 02:25:17 [INFO    ] IVS.relay.Main – Relay 1 TRIGGERED cam=1 zone=4
2026-05-21 02:25:17 [INFO    ] IVS.relay.Main – Relay 1 COOLDOWN/FAILED cam=1 zone=4
2026-05-21 02:25:18 [INFO    ] IVS.relay.Main – Relay 2 TRIGGERED cam=2 zone=5
2026-05-21 02:25:19 [INFO    ] IVS.relay.Main – Relay 2 TRIGGERED cam=2 zone=5
2026-05-21 02:25:19 [INFO    ] IVS.relay.Main – Relay 2 COOLDOWN/FAILED cam=2 zone=5
2026-05-21 02:25:22 [INFO    ] IVS.relay.Main – Relay 1 TRIGGERED cam=1 zone=4
2026-05-21 02:25:24 [INFO    ] IVS.relay.Main – Relay 2 TRIGGERED cam=2 zone=5
2026-05-21 02:25:24 [INFO    ] IVS.relay.Main – Relay 2 COOLDOWN/FAILED cam=2 zone=5
2026-05-21 02:25:27 [INFO    ] IVS.relay.Main – Relay 1 TRIGGERED cam=1 zone=4
2026-05-21 02:25:28 [INFO    ] IVS.relay.Main – Relay 1 TRIGGERED cam=1 zone=4
2026-05-21 02:25:28 [INFO    ] IVS.relay.Main – Relay 2 TRIGGERED cam=2 zone=5
2026-05-21 02:25:29 [INFO    ] IVS.relay.Main – Relay 1 TRIGGERED cam=1 zone=4
2026-05-21 02:25:29 [INFO    ] IVS.relay.Main – Relay 2 COOLDOWN/FAILED cam=2 zone=5
2026-05-21 02:25:29 [INFO    ] IVS.relay.Main – Relay 2 TRIGGERED cam=2 zone=5
2026-05-21 02:25:30 [INFO    ] IVS.relay.Main – Relay 1 TRIGGERED cam=1 zone=4
2026-05-21 02:25:30 [INFO    ] IVS.relay.Main – Relay 2 TRIGGERED cam=2 zone=5
2026-05-21 02:25:31 [INFO    ] IVS.relay.Main – Relay 2 TRIGGERED cam=2 zone=5
2026-05-21 02:25:32 [INFO    ] IVS.relay.Main – Relay 2 TRIGGERED cam=2 zone=5
2026-05-21 02:25:35 [INFO    ] IVS.relay.Main – Relay 1 TRIGGERED cam=1 zone=4
2026-05-21 02:25:35 [INFO    ] IVS.relay.Main – Relay 1 COOLDOWN/FAILED cam=1 zone=4
2026-05-21 02:25:35 [INFO    ] IVS.relay.Main – Relay 1 COOLDOWN/FAILED cam=1 zone=4
2026-05-21 02:25:35 [INFO    ] IVS.relay.Main – Relay 1 COOLDOWN/FAILED cam=1 zone=4
2026-05-21 02:25:37 [INFO    ] IVS.relay.Main – Relay 2 TRIGGERED cam=2 zone=5
2026-05-21 02:25:39 [INFO    ] IVS.relay.Main – Relay 2 TRIGGERED cam=2 zone=5
2026-05-21 02:25:41 [INFO    ] IVS.relay.Main – Relay 2 TRIGGERED cam=2 zone=5
2026-05-21 02:25:44 [INFO    ] IVS.relay.Main – Relay 2 TRIGGERED cam=2 zone=5
2026-05-21 02:25:44 [INFO    ] IVS.relay.Main – Relay 2 TRIGGERED cam=2 zone=5
2026-05-21 02:25:45 [INFO    ] IVS.relay.Main – Relay 1 TRIGGERED cam=1 zone=4
2026-05-21 02:25:45 [INFO    ] IVS.relay.Main – Relay 1 COOLDOWN/FAILED cam=1 zone=4
2026-05-21 02:25:45 [INFO    ] IVS.relay.Main – Relay 1 COOLDOWN/FAILED cam=1 zone=4
2026-05-21 02:25:46 [INFO    ] IVS.relay.Main – Relay 1 TRIGGERED cam=1 zone=4
2026-05-21 02:25:46 [INFO    ] IVS.relay.Main – Relay 2 TRIGGERED cam=2 zone=5
2026-05-21 02:25:46 [INFO    ] IVS.relay.Main – Relay 2 COOLDOWN/FAILED cam=2 zone=5
2026-05-21 02:25:46 [INFO    ] IVS.relay.Main – Relay 2 TRIGGERED cam=2 zone=5
2026-05-21 02:25:47 [INFO    ] IVS.relay.Main – Relay 1 TRIGGERED cam=1 zone=4
2026-05-21 02:25:49 [INFO    ] IVS.relay.Main – Relay 2 TRIGGERED cam=2 zone=5
2026-05-21 02:25:50 [INFO    ] IVS.relay.Main – Relay 2 TRIGGERED cam=2 zone=5
2026-05-21 02:25:51 [INFO    ] IVS.relay.Main – Relay 2 COOLDOWN/FAILED cam=2 zone=5
2026-05-21 02:25:52 [INFO    ] IVS.relay.Main – Relay 2 TRIGGERED cam=2 zone=5
2026-05-21 02:25:58 [INFO    ] IVS.relay.Main – Relay 2 TRIGGERED cam=2 zone=5
2026-05-21 02:25:59 [INFO    ] IVS.relay.Main – Relay 2 COOLDOWN/FAILED cam=2 zone=5
2026-05-21 02:26:02 [INFO    ] IVS.relay.Main – Relay 2 TRIGGERED cam=2 zone=5
2026-05-21 02:26:02 [INFO    ] IVS.relay.Main – Relay 2 COOLDOWN/FAILED cam=2 zone=5
2026-05-21 02:26:07 [INFO    ] IVS.relay.Main – Relay 2 TRIGGERED cam=2 zone=5
2026-05-21 02:26:07 [INFO    ] IVS.relay.Main – Relay 2 COOLDOWN/FAILED cam=2 zone=5
2026-05-21 02:26:11 [INFO    ] IVS.relay.Main – Relay 1 TRIGGERED cam=1 zone=4
2026-05-21 02:26:13 [INFO    ] IVS.relay.Main – Relay 2 TRIGGERED cam=2 zone=5
2026-05-21 02:26:13 [INFO    ] IVS.relay.Main – Relay 2 TRIGGERED cam=2 zone=5
2026-05-21 02:26:16 [INFO    ] IVS.relay.Main – Relay 2 TRIGGERED cam=2 zone=5
2026-05-21 02:26:16 [INFO    ] IVS.relay.Main – Relay 2 COOLDOWN/FAILED cam=2 zone=5
2026-05-21 02:26:17 [INFO    ] IVS.relay.Main – Relay 2 TRIGGERED cam=2 zone=5
2026-05-21 02:26:21 [INFO    ] IVS.relay.Main – Relay 1 TRIGGERED cam=1 zone=4
2026-05-21 02:26:21 [INFO    ] IVS.relay.Main – Relay 1 TRIGGERED cam=1 zone=4
2026-05-21 02:26:24 [INFO    ] IVS.relay.Main – Relay 2 TRIGGERED cam=2 zone=5
2026-05-21 02:26:24 [INFO    ] IVS.relay.Main – Relay 2 COOLDOWN/FAILED cam=2 zone=5
2026-05-21 02:26:33 [INFO    ] IVS.relay.Main – Relay 2 TRIGGERED cam=2 zone=5
2026-05-21 02:26:33 [INFO    ] IVS.relay.Main – Relay 2 COOLDOWN/FAILED cam=2 zone=5
2026-05-21 02:26:33 [INFO    ] IVS.relay.Main – Relay 1 TRIGGERED cam=1 zone=4
2026-05-21 02:26:34 [INFO    ] IVS.relay.Main – Relay 2 TRIGGERED cam=2 zone=5
2026-05-21 02:26:35 [INFO    ] IVS.relay.Main – Relay 2 TRIGGERED cam=2 zone=5
2026-05-21 02:26:36 [INFO    ] IVS.relay.Main – Relay 2 TRIGGERED cam=2 zone=5
2026-05-21 02:26:36 [INFO    ] IVS.relay.Main – Relay 2 COOLDOWN/FAILED cam=2 zone=5
2026-05-21 02:26:38 [INFO    ] IVS.relay.Main – Relay 2 TRIGGERED cam=2 zone=5
2026-05-21 02:26:40 [INFO    ] IVS.relay.Main – Relay 1 TRIGGERED cam=1 zone=4
2026-05-21 02:26:42 [INFO    ] IVS.relay.Main – Relay 2 TRIGGERED cam=2 zone=5
2026-05-21 02:26:42 [INFO    ] IVS.relay.Main – Relay 2 COOLDOWN/FAILED cam=2 zone=5
2026-05-21 02:26:42 [INFO    ] IVS.relay.Main – Relay 2 COOLDOWN/FAILED cam=2 zone=5
2026-05-21 02:26:44 [INFO    ] IVS.relay.Main – Relay 2 TRIGGERED cam=2 zone=5
2026-05-21 02:26:45 [INFO    ] IVS.relay.Main – Relay 2 TRIGGERED cam=2 zone=5
2026-05-21 02:26:45 [INFO    ] IVS.relay.Main – Relay 1 TRIGGERED cam=1 zone=4
2026-05-21 02:26:47 [INFO    ] IVS.relay.Main – Relay 1 TRIGGERED cam=1 zone=4
2026-05-21 02:26:47 [INFO    ] IVS.relay.Main – Relay 2 TRIGGERED cam=2 zone=5
2026-05-21 02:26:51 [INFO    ] IVS.relay.Main – Relay 1 TRIGGERED cam=1 zone=4
2026-05-21 02:26:52 [INFO    ] IVS.relay.Main – Relay 2 TRIGGERED cam=2 zone=5
2026-05-21 02:26:53 [INFO    ] IVS.relay.Main – Relay 2 TRIGGERED cam=2 zone=5
2026-05-21 02:26:53 [INFO    ] IVS.relay.Main – Relay 2 COOLDOWN/FAILED cam=2 zone=5
2026-05-21 02:26:53 [INFO    ] IVS.relay.Main – Relay 2 COOLDOWN/FAILED cam=2 zone=5
2026-05-21 02:26:54 [INFO    ] IVS.relay.Main – Relay 2 TRIGGERED cam=2 zone=5
2026-05-21 02:26:54 [INFO    ] IVS.relay.Main – Relay 2 COOLDOWN/FAILED cam=2 zone=5
2026-05-21 02:26:54 [INFO    ] IVS.relay.Main – Relay 2 COOLDOWN/FAILED cam=2 zone=5
2026-05-21 02:26:56 [INFO    ] IVS.relay.Main – Relay 2 TRIGGERED cam=2 zone=5
2026-05-21 02:26:56 [INFO    ] IVS.relay.Main – Relay 2 COOLDOWN/FAILED cam=2 zone=5
2026-05-21 02:26:56 [INFO    ] IVS.relay.Main – Relay 2 COOLDOWN/FAILED cam=2 zone=5
2026-05-21 02:26:56 [INFO    ] IVS.relay.Main – Relay 2 COOLDOWN/FAILED cam=2 zone=5
2026-05-21 02:26:56 [INFO    ] IVS.relay.Main – Relay 2 COOLDOWN/FAILED cam=2 zone=5
2026-05-21 02:26:59 [INFO    ] IVS.relay.Main – Relay 2 TRIGGERED cam=2 zone=5
2026-05-21 02:26:59 [INFO    ] IVS.relay.Main – Relay 2 COOLDOWN/FAILED cam=2 zone=5
2026-05-21 02:26:59 [INFO    ] IVS.relay.Main – Relay 2 COOLDOWN/FAILED cam=2 zone=5
2026-05-21 02:27:00 [INFO    ] IVS.relay.Main – Relay 2 TRIGGERED cam=2 zone=5
2026-05-21 02:27:00 [INFO    ] IVS.relay.Main – Relay 2 COOLDOWN/FAILED cam=2 zone=5
2026-05-21 02:27:00 [INFO    ] IVS.relay.Main – Relay 2 COOLDOWN/FAILED cam=2 zone=5
2026-05-21 02:27:04 [INFO    ] IVS.relay.Main – Relay 1 TRIGGERED cam=1 zone=4
2026-05-21 02:27:05 [INFO    ] IVS.relay.Main – Relay 2 TRIGGERED cam=2 zone=5
2026-05-21 02:27:05 [INFO    ] IVS.relay.Main – Relay 2 COOLDOWN/FAILED cam=2 zone=5
2026-05-21 02:27:05 [INFO    ] IVS.relay.Main – Relay 1 TRIGGERED cam=1 zone=4
2026-05-21 02:27:05 [INFO    ] IVS.relay.Main – Relay 1 COOLDOWN/FAILED cam=1 zone=4
2026-05-21 02:27:05 [INFO    ] IVS.relay.Main – Relay 1 COOLDOWN/FAILED cam=1 zone=4
2026-05-21 02:27:06 [INFO    ] IVS.relay.Main – Relay 2 TRIGGERED cam=2 zone=5
2026-05-21 02:27:06 [INFO    ] IVS.relay.Main – Relay 1 TRIGGERED cam=1 zone=4
2026-05-21 02:27:07 [INFO    ] IVS.relay.Main – Relay 1 TRIGGERED cam=1 zone=4
2026-05-21 02:27:07 [INFO    ] IVS.relay.Main – Relay 1 COOLDOWN/FAILED cam=1 zone=4
2026-05-21 02:27:09 [INFO    ] IVS.relay.Main – Relay 1 TRIGGERED cam=1 zone=4
2026-05-21 02:27:10 [INFO    ] IVS.relay.Main – Relay 1 TRIGGERED cam=1 zone=4
2026-05-21 02:27:11 [INFO    ] IVS.relay.Main – Relay 2 TRIGGERED cam=2 zone=5
2026-05-21 02:27:11 [INFO    ] IVS.relay.Main – Relay 2 COOLDOWN/FAILED cam=2 zone=5
2026-05-21 02:27:11 [INFO    ] IVS.relay.Main – Relay 2 COOLDOWN/FAILED cam=2 zone=5
2026-05-21 02:27:12 [INFO    ] IVS.relay.Main – Relay 2 TRIGGERED cam=2 zone=5
2026-05-21 02:27:12 [INFO    ] IVS.relay.Main – Relay 2 COOLDOWN/FAILED cam=2 zone=5
2026-05-21 02:27:15 [INFO    ] IVS.relay.Main – Relay 1 TRIGGERED cam=1 zone=4
2026-05-21 02:27:15 [INFO    ] IVS.relay.Main – Relay 2 TRIGGERED cam=2 zone=5
2026-05-21 02:27:15 [INFO    ] IVS.relay.Main – Relay 2 COOLDOWN/FAILED cam=2 zone=5
2026-05-21 02:27:16 [INFO    ] IVS.relay.Main – Relay 1 TRIGGERED cam=1 zone=4
2026-05-21 02:27:16 [INFO    ] IVS.relay.Main – Relay 1 TRIGGERED cam=1 zone=4
2026-05-21 02:27:16 [INFO    ] IVS.relay.Main – Relay 1 COOLDOWN/FAILED cam=1 zone=4
2026-05-21 02:27:17 [INFO    ] IVS.relay.Main – Relay 1 TRIGGERED cam=1 zone=4
2026-05-21 02:27:17 [INFO    ] IVS.relay.Main – Relay 2 TRIGGERED cam=2 zone=5
2026-05-21 02:27:17 [INFO    ] IVS.relay.Main – Relay 2 COOLDOWN/FAILED cam=2 zone=5
2026-05-21 02:27:17 [INFO    ] IVS.relay.Main – Relay 2 COOLDOWN/FAILED cam=2 zone=5
2026-05-21 02:27:17 [INFO    ] IVS.relay.Main – Relay 2 COOLDOWN/FAILED cam=2 zone=5
2026-05-21 02:27:18 [INFO    ] IVS.relay.Main – Relay 1 TRIGGERED cam=1 zone=4
2026-05-21 02:27:19 [INFO    ] IVS.relay.Main – Relay 2 TRIGGERED cam=2 zone=5
2026-05-21 02:27:19 [INFO    ] IVS.relay.Main – Relay 2 COOLDOWN/FAILED cam=2 zone=5
2026-05-21 02:27:19 [INFO    ] IVS.relay.Main – Relay 2 COOLDOWN/FAILED cam=2 zone=5
2026-05-21 02:27:21 [INFO    ] IVS.relay.Main – [Relay] Backend 'ethernet' closed
2026-05-21 02:27:21 [INFO    ] IVS.relay.Main – Relay process exiting
2026-05-21 02:30:07 [INFO    ] IVS.relay.Main – Relay process started  PID=13984
2026-05-21 02:30:07 [INFO    ] IVS.relay.ConfigLoader – Settings loaded from app_settings.json  model=PPEsnehilsanyalGithub.pt  target_classes=[0, 1, 2, 3, 4, 5, 6, 7, 8, 9]
2026-05-21 02:30:07 [INFO    ] IVS.relay.Main – [Relay] Initialising backend: ethernet
2026-05-21 02:30:09 [INFO    ] IVS.relay.Main – Relay 5 TRIGGERED cam=1 zone=4
2026-05-21 02:30:09 [INFO    ] IVS.relay.Main – Relay 6 TRIGGERED cam=2 zone=5
2026-05-21 02:30:09 [INFO    ] IVS.relay.Main – Relay 6 TRIGGERED cam=2 zone=5
2026-05-21 02:30:10 [INFO    ] IVS.relay.Main – Relay 5 TRIGGERED cam=1 zone=4
2026-05-21 02:30:11 [INFO    ] IVS.relay.Main – Relay 5 TRIGGERED cam=1 zone=4
2026-05-21 02:30:11 [INFO    ] IVS.relay.Main – Relay 5 TRIGGERED cam=1 zone=4
2026-05-21 02:30:12 [INFO    ] IVS.relay.Main – Relay 5 TRIGGERED cam=1 zone=4
2026-05-21 02:30:12 [INFO    ] IVS.relay.Main – Relay 5 COOLDOWN/FAILED cam=1 zone=4
2026-05-21 02:30:13 [INFO    ] IVS.relay.Main – Relay 5 TRIGGERED cam=1 zone=4
2026-05-21 02:30:14 [INFO    ] IVS.relay.Main – Relay 5 TRIGGERED cam=1 zone=4
2026-05-21 02:30:14 [INFO    ] IVS.relay.Main – Relay 6 TRIGGERED cam=2 zone=5
2026-05-21 02:30:17 [INFO    ] IVS.relay.Main – Relay 6 TRIGGERED cam=2 zone=5
2026-05-21 02:30:19 [INFO    ] IVS.relay.Main – Relay 6 TRIGGERED cam=2 zone=5
2026-05-21 02:30:20 [INFO    ] IVS.relay.Main – Relay 5 TRIGGERED cam=1 zone=4
2026-05-21 02:30:20 [INFO    ] IVS.relay.Main – Relay 5 COOLDOWN/FAILED cam=1 zone=4
2026-05-21 02:30:20 [INFO    ] IVS.relay.Main – Relay 5 TRIGGERED cam=1 zone=4
2026-05-21 02:30:20 [INFO    ] IVS.relay.Main – Relay 6 TRIGGERED cam=2 zone=5
2026-05-21 02:30:21 [INFO    ] IVS.relay.Main – Relay 5 COOLDOWN/FAILED cam=1 zone=4
2026-05-21 02:30:22 [INFO    ] IVS.relay.Main – Relay 6 TRIGGERED cam=2 zone=5
2026-05-21 02:30:26 [INFO    ] IVS.relay.Main – Relay 5 TRIGGERED cam=1 zone=4
2026-05-21 02:30:27 [INFO    ] IVS.relay.Main – Relay 5 TRIGGERED cam=1 zone=4
2026-05-21 02:30:29 [INFO    ] IVS.relay.Main – Relay 5 TRIGGERED cam=1 zone=4
2026-05-21 02:30:30 [INFO    ] IVS.relay.Main – Relay 5 COOLDOWN/FAILED cam=1 zone=4
2026-05-21 02:30:31 [INFO    ] IVS.relay.Main – Relay 5 TRIGGERED cam=1 zone=4
2026-05-21 02:30:38 [INFO    ] IVS.relay.Main – Relay 5 TRIGGERED cam=1 zone=4
2026-05-21 02:30:42 [INFO    ] IVS.relay.Main – Relay 5 TRIGGERED cam=1 zone=4
2026-05-21 02:30:43 [INFO    ] IVS.relay.Main – Relay 6 TRIGGERED cam=2 zone=5
2026-05-21 02:30:45 [INFO    ] IVS.relay.Main – Relay 6 TRIGGERED cam=2 zone=5
2026-05-21 02:30:45 [INFO    ] IVS.relay.Main – Relay 6 COOLDOWN/FAILED cam=2 zone=5
2026-05-21 02:30:45 [INFO    ] IVS.relay.Main – Relay 6 COOLDOWN/FAILED cam=2 zone=5
2026-05-21 02:30:46 [INFO    ] IVS.relay.Main – Relay 6 TRIGGERED cam=2 zone=5
2026-05-21 02:30:48 [INFO    ] IVS.relay.Main – Relay 6 TRIGGERED cam=2 zone=5
2026-05-21 02:30:51 [INFO    ] IVS.relay.Main – CTRL_RELOAD_SETTINGS received
2026-05-21 02:30:51 [INFO    ] IVS.relay.ConfigLoader – Settings loaded from app_settings.json  model=PPEsnehilsanyalGithub.pt  target_classes=ALL
2026-05-21 02:30:51 [INFO    ] IVS.relay.Main – Settings reloaded: relay_type=ethernet cooldown=0.5s duration=1.0s
2026-05-21 02:30:52 [INFO    ] IVS.relay.Main – Relay 5 TRIGGERED cam=1 zone=4
2026-05-21 02:30:56 [INFO    ] IVS.relay.Main – Relay 6 TRIGGERED cam=2 zone=5
2026-05-21 02:30:56 [INFO    ] IVS.relay.Main – Relay 6 COOLDOWN/FAILED cam=2 zone=5
2026-05-21 02:31:06 [INFO    ] IVS.relay.Main – Relay 6 TRIGGERED cam=2 zone=5
2026-05-21 02:31:07 [INFO    ] IVS.relay.Main – Relay 6 TRIGGERED cam=2 zone=5
2026-05-21 02:31:08 [INFO    ] IVS.relay.Main – Relay 5 TRIGGERED cam=1 zone=4
2026-05-21 02:31:09 [INFO    ] IVS.relay.Main – Relay 6 TRIGGERED cam=2 zone=5
2026-05-21 02:31:09 [INFO    ] IVS.relay.Main – Relay 6 COOLDOWN/FAILED cam=2 zone=5
2026-05-21 02:31:14 [INFO    ] IVS.relay.Main – Relay 6 TRIGGERED cam=2 zone=5
2026-05-21 02:31:15 [INFO    ] IVS.relay.Main – Relay 6 TRIGGERED cam=2 zone=5
2026-05-21 02:31:16 [INFO    ] IVS.relay.Main – Relay 6 TRIGGERED cam=2 zone=5
2026-05-21 02:31:16 [INFO    ] IVS.relay.Main – Relay 6 COOLDOWN/FAILED cam=2 zone=5
2026-05-21 02:31:17 [INFO    ] IVS.relay.Main – Relay 6 TRIGGERED cam=2 zone=5
2026-05-21 02:31:20 [INFO    ] IVS.relay.Main – Relay 6 TRIGGERED cam=2 zone=5
2026-05-21 02:31:20 [INFO    ] IVS.relay.Main – Relay 6 COOLDOWN/FAILED cam=2 zone=5
2026-05-21 02:31:21 [INFO    ] IVS.relay.Main – Relay 6 TRIGGERED cam=2 zone=5
2026-05-21 02:31:22 [INFO    ] IVS.relay.Main – Relay 6 TRIGGERED cam=2 zone=5
2026-05-21 02:31:23 [INFO    ] IVS.relay.Main – Relay 6 TRIGGERED cam=2 zone=5
2026-05-21 02:31:24 [INFO    ] IVS.relay.Main – Relay 6 TRIGGERED cam=2 zone=5
2026-05-21 02:31:24 [INFO    ] IVS.relay.Main – Relay 6 COOLDOWN/FAILED cam=2 zone=5
2026-05-21 02:31:25 [INFO    ] IVS.relay.Main – Relay 6 TRIGGERED cam=2 zone=5
2026-05-21 02:31:26 [INFO    ] IVS.relay.Main – Relay 6 COOLDOWN/FAILED cam=2 zone=5
2026-05-21 02:31:27 [INFO    ] IVS.relay.Main – Relay 6 TRIGGERED cam=2 zone=5
2026-05-21 02:31:28 [INFO    ] IVS.relay.Main – Relay 6 TRIGGERED cam=2 zone=5
2026-05-21 02:31:29 [INFO    ] IVS.relay.Main – Relay 5 TRIGGERED cam=1 zone=4
2026-05-21 02:31:30 [INFO    ] IVS.relay.Main – Relay 5 TRIGGERED cam=1 zone=4
2026-05-21 02:31:31 [INFO    ] IVS.relay.Main – Relay 5 TRIGGERED cam=1 zone=4
2026-05-21 02:31:38 [INFO    ] IVS.relay.Main – Relay 6 TRIGGERED cam=2 zone=5
2026-05-21 02:31:45 [INFO    ] IVS.relay.Main – Relay 6 TRIGGERED cam=2 zone=5
2026-05-21 02:31:45 [INFO    ] IVS.relay.Main – Relay 6 COOLDOWN/FAILED cam=2 zone=5
2026-05-21 02:31:45 [INFO    ] IVS.relay.Main – Relay 6 COOLDOWN/FAILED cam=2 zone=5
2026-05-21 02:31:48 [INFO    ] IVS.relay.Main – Relay 6 TRIGGERED cam=2 zone=5
2026-05-21 02:31:48 [INFO    ] IVS.relay.Main – Relay 6 COOLDOWN/FAILED cam=2 zone=5
2026-05-21 02:32:25 [INFO    ] IVS.relay.Main – Relay 6 TRIGGERED cam=2 zone=5
2026-05-21 02:32:32 [INFO    ] IVS.relay.Main – Relay 5 TRIGGERED cam=1 zone=4
2026-05-21 02:32:51 [INFO    ] IVS.relay.Main – Relay 6 TRIGGERED cam=2 zone=5
2026-05-21 02:33:03 [INFO    ] IVS.relay.Main – Relay 1 TRIGGERED cam=2 zone=6
2026-05-21 02:33:03 [INFO    ] IVS.relay.Main – Relay 1 COOLDOWN/FAILED cam=2 zone=6
2026-05-21 02:33:04 [INFO    ] IVS.relay.Main – Relay 1 TRIGGERED cam=2 zone=6
2026-05-21 02:33:04 [INFO    ] IVS.relay.Main – Relay 1 COOLDOWN/FAILED cam=2 zone=6
2026-05-21 02:33:14 [INFO    ] IVS.relay.Main – Relay 1 TRIGGERED cam=2 zone=6
2026-05-21 02:33:27 [INFO    ] IVS.relay.Main – Relay 1 TRIGGERED cam=2 zone=6
2026-05-21 02:33:38 [INFO    ] IVS.relay.Main – Relay 2 TRIGGERED cam=1 zone=7
2026-05-21 02:33:57 [INFO    ] IVS.relay.Main – CTRL_RELOAD_SETTINGS received
2026-05-21 02:33:57 [INFO    ] IVS.relay.ConfigLoader – Settings loaded from app_settings.json  model=yolov8l.pt  target_classes=[0]
2026-05-21 02:33:57 [INFO    ] IVS.relay.Main – Settings reloaded: relay_type=ethernet cooldown=0.5s duration=1.0s
2026-05-21 02:33:58 [INFO    ] IVS.relay.Main – Relay 1 TRIGGERED cam=2 zone=6
2026-05-21 02:34:04 [INFO    ] IVS.relay.Main – Relay 1 TRIGGERED cam=2 zone=6
2026-05-21 02:34:08 [INFO    ] IVS.relay.Main – Relay 1 TRIGGERED cam=2 zone=6
2026-05-21 02:34:12 [INFO    ] IVS.relay.Main – Relay 1 TRIGGERED cam=2 zone=6
2026-05-21 02:34:26 [INFO    ] IVS.relay.Main – Relay 1 TRIGGERED cam=2 zone=6
2026-05-21 02:34:46 [INFO    ] IVS.relay.Main – Relay 1 TRIGGERED cam=2 zone=6
2026-05-21 02:35:37 [INFO    ] IVS.relay.Main – Relay 1 TRIGGERED cam=2 zone=8
2026-05-21 02:35:40 [INFO    ] IVS.relay.Main – Relay 1 TRIGGERED cam=2 zone=8
2026-05-21 02:35:44 [INFO    ] IVS.relay.Main – Relay 1 TRIGGERED cam=2 zone=8
2026-05-21 02:35:44 [INFO    ] IVS.relay.Main – Relay 1 COOLDOWN/FAILED cam=2 zone=8
2026-05-21 02:35:53 [INFO    ] IVS.relay.Main – Relay 1 TRIGGERED cam=2 zone=8
2026-05-21 02:35:54 [INFO    ] IVS.relay.Main – Relay 1 COOLDOWN/FAILED cam=2 zone=8
2026-05-21 02:35:54 [INFO    ] IVS.relay.Main – Relay 1 TRIGGERED cam=2 zone=8
2026-05-21 02:35:55 [INFO    ] IVS.relay.Main – Relay 1 TRIGGERED cam=2 zone=8
2026-05-21 02:35:55 [INFO    ] IVS.relay.Main – Relay 1 COOLDOWN/FAILED cam=2 zone=8
2026-05-21 02:35:56 [INFO    ] IVS.relay.Main – Relay 1 TRIGGERED cam=2 zone=8
2026-05-21 02:35:58 [INFO    ] IVS.relay.Main – Relay 1 TRIGGERED cam=2 zone=8
2026-05-21 02:35:59 [INFO    ] IVS.relay.Main – Relay 1 TRIGGERED cam=2 zone=8
2026-05-21 02:36:01 [INFO    ] IVS.relay.Main – Relay 1 TRIGGERED cam=2 zone=8
2026-05-21 02:36:01 [INFO    ] IVS.relay.Main – Relay 1 COOLDOWN/FAILED cam=2 zone=8
2026-05-21 02:36:02 [INFO    ] IVS.relay.Main – Relay 1 TRIGGERED cam=2 zone=8
2026-05-21 02:36:06 [INFO    ] IVS.relay.Main – Relay 1 TRIGGERED cam=2 zone=8
2026-05-21 02:36:09 [INFO    ] IVS.relay.Main – Relay 1 TRIGGERED cam=2 zone=8
2026-05-21 02:36:09 [INFO    ] IVS.relay.Main – Relay 1 COOLDOWN/FAILED cam=2 zone=8
2026-05-21 02:36:11 [INFO    ] IVS.relay.Main – Relay 1 TRIGGERED cam=2 zone=8
2026-05-21 02:36:15 [INFO    ] IVS.relay.Main – Relay 1 TRIGGERED cam=2 zone=8
2026-05-21 02:36:33 [INFO    ] IVS.relay.Main – Relay 1 TRIGGERED cam=2 zone=8
2026-05-21 02:36:34 [INFO    ] IVS.relay.Main – Relay 1 TRIGGERED cam=2 zone=8
2026-05-21 02:36:36 [INFO    ] IVS.relay.Main – Relay 2 TRIGGERED cam=1 zone=7
2026-05-21 02:36:37 [INFO    ] IVS.relay.Main – Relay 2 COOLDOWN/FAILED cam=1 zone=7
2026-05-21 02:36:39 [INFO    ] IVS.relay.Main – Relay 2 TRIGGERED cam=1 zone=7
2026-05-21 02:36:39 [INFO    ] IVS.relay.Main – Relay 2 COOLDOWN/FAILED cam=1 zone=7
2026-05-21 02:36:41 [INFO    ] IVS.relay.Main – Relay 2 TRIGGERED cam=1 zone=7
2026-05-21 02:36:43 [INFO    ] IVS.relay.Main – Relay 2 TRIGGERED cam=1 zone=7
2026-05-21 02:36:44 [INFO    ] IVS.relay.Main – Relay 2 TRIGGERED cam=1 zone=7
2026-05-21 02:36:45 [INFO    ] IVS.relay.Main – Relay 2 TRIGGERED cam=1 zone=7
2026-05-21 02:36:45 [INFO    ] IVS.relay.Main – Relay 2 COOLDOWN/FAILED cam=1 zone=7
2026-05-21 02:36:45 [INFO    ] IVS.relay.Main – Relay 2 COOLDOWN/FAILED cam=1 zone=7
2026-05-21 02:36:46 [INFO    ] IVS.relay.Main – Relay 2 TRIGGERED cam=1 zone=7
2026-05-21 02:36:47 [INFO    ] IVS.relay.Main – Relay 2 TRIGGERED cam=1 zone=7
2026-05-21 02:36:47 [INFO    ] IVS.relay.Main – Relay 2 COOLDOWN/FAILED cam=1 zone=7
2026-05-21 02:36:48 [INFO    ] IVS.relay.Main – Relay 2 TRIGGERED cam=1 zone=7
2026-05-21 02:36:48 [INFO    ] IVS.relay.Main – Relay 2 COOLDOWN/FAILED cam=1 zone=7
2026-05-21 02:36:49 [INFO    ] IVS.relay.Main – Relay 2 TRIGGERED cam=1 zone=7
2026-05-21 02:36:49 [INFO    ] IVS.relay.Main – Relay 2 TRIGGERED cam=1 zone=7
2026-05-21 02:36:51 [INFO    ] IVS.relay.Main – Relay 2 TRIGGERED cam=1 zone=7
2026-05-21 02:36:56 [INFO    ] IVS.relay.Main – Relay 2 TRIGGERED cam=1 zone=7
2026-05-21 02:36:56 [INFO    ] IVS.relay.Main – Relay 2 COOLDOWN/FAILED cam=1 zone=7
2026-05-21 02:36:56 [INFO    ] IVS.relay.Main – Relay 2 COOLDOWN/FAILED cam=1 zone=7
2026-05-21 02:36:56 [INFO    ] IVS.relay.Main – Relay 2 TRIGGERED cam=1 zone=7
2026-05-21 02:36:57 [INFO    ] IVS.relay.Main – Relay 2 COOLDOWN/FAILED cam=1 zone=7
2026-05-21 02:36:57 [INFO    ] IVS.relay.Main – Relay 2 TRIGGERED cam=1 zone=7
2026-05-21 02:36:58 [INFO    ] IVS.relay.Main – Relay 2 TRIGGERED cam=1 zone=7
2026-05-21 02:36:58 [INFO    ] IVS.relay.Main – Relay 2 COOLDOWN/FAILED cam=1 zone=7
2026-05-21 02:36:58 [INFO    ] IVS.relay.Main – Relay 2 TRIGGERED cam=1 zone=7
2026-05-21 02:36:59 [INFO    ] IVS.relay.Main – Relay 2 TRIGGERED cam=1 zone=7
2026-05-21 02:37:01 [INFO    ] IVS.relay.Main – Relay 2 TRIGGERED cam=1 zone=7
2026-05-21 02:37:01 [INFO    ] IVS.relay.Main – Relay 2 COOLDOWN/FAILED cam=1 zone=7
2026-05-21 02:37:03 [INFO    ] IVS.relay.Main – Relay 2 TRIGGERED cam=1 zone=7
2026-05-21 02:37:05 [INFO    ] IVS.relay.Main – Relay 2 TRIGGERED cam=1 zone=7
2026-05-21 02:37:06 [INFO    ] IVS.relay.Main – Relay 2 TRIGGERED cam=1 zone=7
2026-05-21 02:37:07 [INFO    ] IVS.relay.Main – Relay 2 TRIGGERED cam=1 zone=7
2026-05-21 02:37:07 [INFO    ] IVS.relay.Main – Relay 2 COOLDOWN/FAILED cam=1 zone=7
2026-05-21 02:37:07 [INFO    ] IVS.relay.Main – Relay 1 TRIGGERED cam=2 zone=8
2026-05-21 02:37:07 [INFO    ] IVS.relay.Main – Relay 2 TRIGGERED cam=1 zone=7
2026-05-21 02:37:08 [INFO    ] IVS.relay.Main – Relay 2 TRIGGERED cam=1 zone=7
2026-05-21 02:37:13 [INFO    ] IVS.relay.Main – Relay 2 TRIGGERED cam=1 zone=7
2026-05-21 02:37:16 [INFO    ] IVS.relay.Main – Relay 2 TRIGGERED cam=1 zone=7
2026-05-21 02:37:27 [INFO    ] IVS.relay.Main – Relay 1 TRIGGERED cam=2 zone=8
2026-05-21 02:37:28 [INFO    ] IVS.relay.Main – Relay 1 TRIGGERED cam=2 zone=8
2026-05-21 02:37:35 [INFO    ] IVS.relay.Main – Relay 2 TRIGGERED cam=1 zone=7
2026-05-21 02:37:36 [INFO    ] IVS.relay.Main – Relay 2 COOLDOWN/FAILED cam=1 zone=7
2026-05-21 02:37:44 [INFO    ] IVS.relay.Main – Relay 2 TRIGGERED cam=1 zone=7
2026-05-21 02:37:46 [INFO    ] IVS.relay.Main – Relay 2 TRIGGERED cam=1 zone=7
2026-05-21 02:37:46 [INFO    ] IVS.relay.Main – Relay 2 COOLDOWN/FAILED cam=1 zone=7
2026-05-21 02:37:57 [INFO    ] IVS.relay.Main – Relay 2 TRIGGERED cam=1 zone=7
2026-05-21 02:37:58 [INFO    ] IVS.relay.Main – Relay 2 TRIGGERED cam=1 zone=7
2026-05-21 02:37:58 [INFO    ] IVS.relay.Main – Relay 2 COOLDOWN/FAILED cam=1 zone=7
2026-05-21 02:37:59 [INFO    ] IVS.relay.Main – Relay 2 TRIGGERED cam=1 zone=7
2026-05-21 02:37:59 [INFO    ] IVS.relay.Main – Relay 2 TRIGGERED cam=1 zone=7
2026-05-21 02:38:00 [INFO    ] IVS.relay.Main – Relay 2 COOLDOWN/FAILED cam=1 zone=7
2026-05-21 02:38:01 [INFO    ] IVS.relay.Main – [Relay] Backend 'ethernet' closed
2026-05-21 02:38:01 [INFO    ] IVS.relay.Main – Relay process exiting
2026-05-21 02:38:50 [INFO    ] IVS.relay.Main – Relay process started  PID=14148
2026-05-21 02:38:50 [INFO    ] IVS.relay.ConfigLoader – Settings loaded from app_settings.json  model=yolov8l.pt  target_classes=[0]
2026-05-21 02:38:50 [INFO    ] IVS.relay.Main – [Relay] Initialising backend: ethernet
2026-05-21 02:39:05 [INFO    ] IVS.relay.Main – [Relay] Backend 'ethernet' closed
2026-05-21 02:39:05 [INFO    ] IVS.relay.Main – Relay process exiting
2026-05-21 02:39:37 [INFO    ] IVS.relay.Main – Relay process started  PID=1956
2026-05-21 02:39:37 [INFO    ] IVS.relay.ConfigLoader – Settings loaded from app_settings.json  model=yolov8l.pt  target_classes=[0]
2026-05-21 02:39:37 [INFO    ] IVS.relay.Main – [Relay] Initialising backend: ethernet
2026-05-21 02:40:32 [INFO    ] IVS.relay.Main – Relay 5 TRIGGERED cam=1 zone=7
2026-05-21 02:40:33 [INFO    ] IVS.relay.Main – Relay 5 TRIGGERED cam=1 zone=7
2026-05-21 02:40:34 [INFO    ] IVS.relay.Main – Relay 5 TRIGGERED cam=1 zone=7
2026-05-21 02:40:35 [INFO    ] IVS.relay.Main – Relay 5 TRIGGERED cam=1 zone=7
2026-05-21 02:40:39 [INFO    ] IVS.relay.Main – Relay 5 TRIGGERED cam=1 zone=7
2026-05-21 02:40:39 [INFO    ] IVS.relay.Main – Relay 5 COOLDOWN/FAILED cam=1 zone=7
2026-05-21 02:40:39 [INFO    ] IVS.relay.Main – Relay 5 COOLDOWN/FAILED cam=1 zone=7
2026-05-21 02:40:41 [INFO    ] IVS.relay.Main – Relay 5 TRIGGERED cam=1 zone=7
2026-05-21 02:40:43 [INFO    ] IVS.relay.Main – Relay 5 TRIGGERED cam=1 zone=7
2026-05-21 02:40:56 [INFO    ] IVS.relay.Main – Relay 6 TRIGGERED cam=2 zone=8
2026-05-21 02:41:49 [INFO    ] IVS.relay.Main – Relay 6 TRIGGERED cam=2 zone=8
2026-05-21 02:42:05 [INFO    ] IVS.relay.Main – Relay 6 TRIGGERED cam=2 zone=8
2026-05-21 02:42:06 [INFO    ] IVS.relay.Main – Relay 6 TRIGGERED cam=2 zone=8
2026-05-21 02:42:23 [INFO    ] IVS.relay.Main – Relay 6 TRIGGERED cam=2 zone=8
2026-05-21 02:42:30 [INFO    ] IVS.relay.Main – Relay 6 TRIGGERED cam=2 zone=8
2026-05-21 02:42:38 [INFO    ] IVS.relay.Main – Relay 6 TRIGGERED cam=2 zone=8
2026-05-21 02:42:44 [INFO    ] IVS.relay.Main – Relay 6 TRIGGERED cam=2 zone=8
2026-05-21 02:42:46 [INFO    ] IVS.relay.Main – Relay 6 TRIGGERED cam=2 zone=8
